user_id,timestamp,listing_id,days_since_last_review,alltime_review_scores_cleanliness,alltime_review_scores_location,alltime_review_scores_communication,alltime_review_scores_checkin,alltime_review_scores_value,alltime_review_scores_accuracy,alltime_review_scores_rating,alltime_review_count,recent_review_scores_cleanliness,recent_review_scores_location,recent_review_scores_communication,recent_review_scores_checkin,recent_review_scores_value,recent_review_scores_accuracy,recent_review_scores_rating,reviews_in_last_90_days,property_type,room_type,accommodates,bathrooms,bedrooms,price,neighbourhood_cleansed
40137464,2025-08-09 20:35:12.006548,955594135974379648,-1,0.0,0.0,0.0,0.0,0.0,0.0,0.0,0,0.0,0.0,0.0,0.0,0.0,0.0,0.0,0,Unknown,Unknown,2.0,1.0,1.0,1200.0,Vesterbro-Kongens Enghave
360554333,2025-08-09 21:05:24.508420,1244147958257977344,-1,0.0,0.0,0.0,0.0,0.0,0.0,0.0,0,0.0,0.0,0.0,0.0,0.0,0.0,0.0,0,Unknown,Entire home/apt,2.0,1.0,1.0,1035.0,sterbro
179697571,2025-08-09 21:25:27.516388,1397753249851294464,5,0.0,0.6324000000000001,0.3592,0.0,0.0,0.32945,0.9373,2,0.0,0.6324000000000001,0.3592,0.0,0.0,0.32945,0.9373,2,Private room in condo,Private room,1.0,1.0,1.0,1200.0,Nrrebro
360554333,2025-08-09 21:46:06.508420,1502922937698947584,-1,0.0,0.0,0.0,0.0,0.0,0.0,0.0,0,0.0,0.0,0.0,0.0,0.0,0.0,0.0,0,Entire rental unit,Entire home/apt,2.0,1.0,1.0,2143.0,Unknown
179697571,2025-08-09 22:20:52.516388,1434115704779021312,-1,0.0,0.0,0.0,0.0,0.0,0.0,0.0,0,0.0,0.0,0.0,0.0,0.0,0.0,0.0,0,Entire rental unit,Entire home/apt,3.0,2.0,1.0,2050.0,Unknown
40137464,2025-08-09 22:49:47.006548,1398421718114726912,-1,0.0,0.0,0.0,0.0,0.0,0.0,0.0,0,0.0,0.0,0.0,0.0,0.0,0.0,0.0,0,Entire rental unit,Unknown,4.0,1.0,1.0,1425.0,Nrrebro
40137464,2025-08-09 23:21:29.006548,972373514970462464,-1,0.0,0.0,0.0,0.0,0.0,0.0,0.0,0,0.0,0.0,0.0,0.0,0.0,0.0,0.0,0,Entire condo,Entire home/apt,3.0,1.0,1.0,1131.0,Nrrebro
485359583,2025-08-09 23:44:32.522071,10645628,48,0.20321842105263158,0.16819473684210526,0.21304210526315787,0.03771052631578947,0.0,0.021152631578947367,0.5088894736842106,19,0.381,0.32985,0.2202,0.0,0.0,0.0,0.4881,2,Other,Unknown,4.0,1.0,1.0,533.0,Amager Vest
360554333,2025-08-09 23:50:19.508420,1145416750460504064,-1,0.0,0.0,0.0,0.0,0.0,0.0,0.0,0,0.0,0.0,0.0,0.0,0.0,0.0,0.0,0,Entire rental unit,Entire home/apt,4.0,1.0,2.0,1196.0,Valby
356939802,2025-08-10 01:35:39.681929,1473309231551099392,-1,0.0,0.0,0.0,0.0,0.0,0.0,0.0,0,0.0,0.0,0.0,0.0,0.0,0.0,0.0,0,Entire rental unit,Unknown,4.0,1.0,2.0,1200.0,Indre By
360554333,2025-08-10 01:52:59.508420,1446518865865447680,-1,0.0,0.0,0.0,0.0,0.0,0.0,0.0,0,0.0,0.0,0.0,0.0,0.0,0.0,0.0,0,Unknown,Entire home/apt,8.0,2.0,5.0,2858.0,Amager Vest
485359583,2025-08-10 02:02:40.522071,861440670326867968,-1,0.0,0.0,0.0,0.0,0.0,0.0,0.0,0,0.0,0.0,0.0,0.0,0.0,0.0,0.0,0,Entire rental unit,Entire home/apt,4.0,1.0,1.0,1200.0,Vanlse
485359583,2025-08-10 02:29:42.522071,1017960340174459136,418,0.0,0.0,0.0,0.0,0.0,0.6597,0.6597,1,0.0,0.0,0.0,0.0,0.0,0.0,0.0,0,Entire rental unit,Entire home/apt,2.0,1.0,1.0,1200.0,Nrrebro
40137464,2025-08-10 02:50:05.006548,8691708,373,0.0,0.0,0.0,0.0,0.0,0.0,0.0,1,0.0,0.0,0.0,0.0,0.0,0.0,0.0,0,Entire condo,Entire home/apt,4.0,1.0,1.0,1995.0,sterbro
360554333,2025-08-10 03:24:42.508420,949174243614150784,-1,0.0,0.0,0.0,0.0,0.0,0.0,0.0,0,0.0,0.0,0.0,0.0,0.0,0.0,0.0,0,Entire condo,Entire home/apt,2.0,1.0,1.0,1208.0,Unknown
485359583,2025-08-10 03:26:42.522071,957009167064720384,-1,0.0,0.0,0.0,0.0,0.0,0.0,0.0,0,0.0,0.0,0.0,0.0,0.0,0.0,0.0,0,Entire rental unit,Unknown,3.0,1.0,1.0,875.0,Unknown
356939802,2025-08-10 05:00:47.681929,885252312791797888,-1,0.0,0.0,0.0,0.0,0.0,0.0,0.0,0,0.0,0.0,0.0,0.0,0.0,0.0,0.0,0,Entire rental unit,Entire home/apt,4.0,1.5,2.0,1200.0,Frederiksberg
356939802,2025-08-10 05:55:37.681929,4854777,455,0.255,0.5924333333333333,0.0,0.0,0.0,0.0,0.8944666666666666,3,0.0,0.0,0.0,0.0,0.0,0.0,0.0,0,Entire rental unit,Entire home/apt,4.0,1.0,1.0,1082.0,Vesterbro-Kongens Enghave
714857920,2025-08-10 12:33:23.895864,32755955,-1,0.0,0.0,0.0,0.0,0.0,0.0,0.0,0,0.0,0.0,0.0,0.0,0.0,0.0,0.0,0,Entire townhouse,Entire home/apt,6.0,1.5,3.0,1200.0,sterbro
131728164,2025-08-10 13:23:54.780406,805821948456799360,461,0.6549,0.0,0.7146,0.0,0.0,0.0,0.9674,1,0.0,0.0,0.0,0.0,0.0,0.0,0.0,0,Entire condo,Entire home/apt,2.0,1.0,1.0,1200.0,Amager st
131728164,2025-08-10 13:50:27.780406,50298071,-1,0.0,0.0,0.0,0.0,0.0,0.0,0.0,0,0.0,0.0,0.0,0.0,0.0,0.0,0.0,0,Entire condo,Entire home/apt,3.0,1.0,1.0,1200.0,Frederiksberg
714857920,2025-08-10 14:15:43.895864,33951739,-1,0.0,0.0,0.0,0.0,0.0,0.0,0.0,0,0.0,0.0,0.0,0.0,0.0,0.0,0.0,0,Unknown,Entire home/apt,3.0,1.0,1.0,1200.0,Frederiksberg
714857920,2025-08-10 15:12:13.895864,1205817439150872320,-1,0.0,0.0,0.0,0.0,0.0,0.0,0.0,0,0.0,0.0,0.0,0.0,0.0,0.0,0.0,0,Entire condo,Unknown,3.0,1.0,2.0,1200.0,Unknown
714857920,2025-08-10 15:34:14.895864,1418947141549542912,-1,0.0,0.0,0.0,0.0,0.0,0.0,0.0,0,0.0,0.0,0.0,0.0,0.0,0.0,0.0,0,Entire rental unit,Unknown,4.0,1.0,1.0,950.0,Unknown
47833480,2025-08-10 15:38:37.550281,1421847157200787968,-1,0.0,0.0,0.0,0.0,0.0,0.0,0.0,0,0.0,0.0,0.0,0.0,0.0,0.0,0.0,0,Unknown,Entire home/apt,3.0,1.0,2.0,1872.0,Frederiksberg
47833480,2025-08-10 16:17:33.550281,910573285697824384,674,0.0,0.0,0.0,0.0,0.0,0.0,0.0,1,0.0,0.0,0.0,0.0,0.0,0.0,0.0,0,Entire rental unit,Entire home/apt,3.0,1.0,1.0,1200.0,Unknown
714857920,2025-08-10 17:14:55.895864,54180414,14,0.0,0.4152833333333333,0.43006666666666665,0.0,0.17020000000000002,0.0,0.8456666666666667,3,0.0,0.0,0.5994,0.0,0.0,0.0,0.5994,1,Entire condo,Entire home/apt,3.0,1.0,1.0,1200.0,sterbro
714857920,2025-08-10 19:15:24.895864,774379440077690112,-1,0.0,0.0,0.0,0.0,0.0,0.0,0.0,0,0.0,0.0,0.0,0.0,0.0,0.0,0.0,0,Entire rental unit,Entire home/apt,2.0,1.0,1.0,1200.0,Nrrebro
714857920,2025-08-10 19:53:41.895864,5398401,-1,0.0,0.0,0.0,0.0,0.0,0.0,0.0,0,0.0,0.0,0.0,0.0,0.0,0.0,0.0,0,Entire rental unit,Entire home/apt,2.0,1.0,1.0,1200.0,Unknown
714857920,2025-08-10 21:22:04.895864,15341416,1131,0.0,0.0,0.0,0.0,0.0,0.0,0.0,1,0.0,0.0,0.0,0.0,0.0,0.0,0.0,0,Entire rental unit,Entire home/apt,6.0,1.0,3.0,1200.0,Vesterbro-Kongens Enghave
4025182,2025-08-11 01:33:36.521292,1423975111901144064,8,0.30043333333333333,0.5633833333333333,0.14049999999999999,0.0,0.0,0.2329,0.4513,3,0.30043333333333333,0.5633833333333333,0.14049999999999999,0.0,0.0,0.2329,0.4513,3,Entire rental unit,Entire home/apt,2.0,1.0,1.0,1200.0,Bispebjerg
700010936,2025-08-11 04:00:57.216239,6680321,3665,0.0,0.8074,0.8122,0.8122,0.8074,0.0,0.9764,1,0.0,0.0,0.0,0.0,0.0,0.0,0.0,0,Entire rental unit,Entire home/apt,3.0,1.0,3.0,1200.0,Unknown
700010936,2025-08-11 04:12:28.216239,1350275777183688448,-1,0.0,0.0,0.0,0.0,0.0,0.0,0.0,0,0.0,0.0,0.0,0.0,0.0,0.0,0.0,0,Entire rental unit,Entire home/apt,2.0,1.0,1.0,1200.0,Unknown
369684021,2025-08-11 04:26:36.868195,1105050564985348736,18,0.0,0.13926,0.08288,0.0,0.0,0.0,0.39382,5,0.0,0.34814999999999996,0.0,0.0,0.0,0.0,0.6217,2,Entire rental unit,Entire home/apt,3.0,1.0,1.0,708.0,Amager st
369684021,2025-08-11 04:59:14.868195,48965523,-1,0.0,0.0,0.0,0.0,0.0,0.0,0.0,0,0.0,0.0,0.0,0.0,0.0,0.0,0.0,0,Entire rental unit,Unknown,2.0,1.0,1.0,1200.0,Unknown
700010936,2025-08-11 05:11:18.216239,1135268317262242176,419,0.0,0.0,0.0,0.0,0.0,0.0,0.9423,1,0.0,0.0,0.0,0.0,0.0,0.0,0.0,0,Entire rental unit,Entire home/apt,4.0,1.0,1.0,1200.0,Bispebjerg
369684021,2025-08-11 06:32:27.868195,26289277,2555,0.0,0.621,0.5267000000000001,0.647,0.0,0.68675,0.9677,1,0.0,0.0,0.0,0.0,0.0,0.0,0.0,0,Entire rental unit,Entire home/apt,4.0,1.0,1.0,1200.0,Nrrebro
700010936,2025-08-11 07:21:10.216239,49101414,1271,0.0,0.0,0.0,0.0,0.0,0.0,0.7184,1,0.0,0.0,0.0,0.0,0.0,0.0,0.0,0,Entire rental unit,Unknown,2.0,1.0,1.0,1200.0,Nrrebro
585723344,2025-08-11 07:49:36.623401,30526269,57,0.19973333333333332,0.3490583333333333,0.14558333333333331,0.0,0.11954999999999999,0.16996666666666668,0.8073166666666666,12,0.9134,0.64425,0.5859,0.0,0.0,0.9134,0.9951,1,Entire condo,Entire home/apt,2.0,1.0,1.0,1300.0,Indre By
585723344,2025-08-11 08:17:30.623401,1209948926525367808,-1,0.0,0.0,0.0,0.0,0.0,0.0,0.0,0,0.0,0.0,0.0,0.0,0.0,0.0,0.0,0,Entire rental unit,Entire home/apt,2.0,1.0,1.0,1200.0,Amager Vest
700010936,2025-08-11 08:41:12.216239,916092805342145792,-1,0.0,0.0,0.0,0.0,0.0,0.0,0.0,0,0.0,0.0,0.0,0.0,0.0,0.0,0.0,0,Entire rental unit,Entire home/apt,6.0,2.0,1.0,1200.0,Unknown
585723344,2025-08-11 09:39:28.623401,1435511750336905984,-1,0.0,0.0,0.0,0.0,0.0,0.0,0.0,0,0.0,0.0,0.0,0.0,0.0,0.0,0.0,0,Entire rental unit,Entire home/apt,4.0,1.0,2.0,1200.0,Vesterbro-Kongens Enghave
585723344,2025-08-11 10:51:12.623401,1457685274520582656,-1,0.0,0.0,0.0,0.0,0.0,0.0,0.0,0,0.0,0.0,0.0,0.0,0.0,0.0,0.0,0,Entire rental unit,Entire home/apt,6.0,1.0,1.0,2302.0,Unknown
585723344,2025-08-11 11:42:24.623401,25480493,-1,0.0,0.0,0.0,0.0,0.0,0.0,0.0,0,0.0,0.0,0.0,0.0,0.0,0.0,0.0,0,Entire condo,Unknown,3.0,1.0,2.0,1200.0,Vesterbro-Kongens Enghave
585723344,2025-08-11 12:32:59.623401,1517135500819726336,-1,0.0,0.0,0.0,0.0,0.0,0.0,0.0,0,0.0,0.0,0.0,0.0,0.0,0.0,0.0,0,Entire home,Entire home/apt,2.0,1.0,1.0,1200.0,Unknown
688492391,2025-08-11 19:18:37.427842,1131791303976281600,95,0.20095,0.0,0.0,0.11315,0.0,0.2553,0.45915,2,0.0,0.0,0.0,0.0,0.0,0.0,0.0,0,Unknown,Entire home/apt,3.0,1.0,1.0,1097.0,Unknown
65182710,2025-08-11 19:23:10.986233,20445938,2459,0.4019,0.0,0.0,0.0,0.7717,0.4019,0.9838,1,0.0,0.0,0.0,0.0,0.0,0.0,0.0,0,Unknown,Unknown,4.0,1.0,2.0,1090.0,Amager st
688492391,2025-08-11 22:07:28.427842,1495077286086176000,-1,0.0,0.0,0.0,0.0,0.0,0.0,0.0,0,0.0,0.0,0.0,0.0,0.0,0.0,0.0,0,Entire rental unit,Entire home/apt,3.0,1.0,1.0,800.0,Unknown
688492391,2025-08-11 22:24:10.427842,667978224985708928,785,0.6705,0.38535,0.0,0.0,0.0,0.0,0.9475,1,0.0,0.0,0.0,0.0,0.0,0.0,0.0,0,Entire rental unit,Entire home/apt,2.0,1.0,1.0,1200.0,Amager Vest
688492391,2025-08-11 22:44:00.427842,1355267058617370112,18,0.0,0.0,0.0,0.0,0.0,0.0,0.0,1,0.0,0.0,0.0,0.0,0.0,0.0,0.0,1,Entire condo,Unknown,4.0,1.0,1.0,765.0,Vesterbro-Kongens Enghave
688492391,2025-08-11 23:30:59.427842,1506444144878192640,-1,0.0,0.0,0.0,0.0,0.0,0.0,0.0,0,0.0,0.0,0.0,0.0,0.0,0.0,0.0,0,Entire rental unit,Entire home/apt,2.0,1.0,1.0,772.0,Unknown
62211601,2025-08-11 23:44:50.360101,807254308213157376,369,0.30575,0.45295,0.4471,0.0,0.0,0.32715,0.01605000000000001,2,0.0,0.0,0.0,0.0,0.0,0.0,0.0,0,Unknown,Entire home/apt,4.0,1.0,3.0,1250.0,sterbro
688492391,2025-08-12 00:12:25.427842,856540299345351808,-1,0.0,0.0,0.0,0.0,0.0,0.0,0.0,0,0.0,0.0,0.0,0.0,0.0,0.0,0.0,0,Entire rental unit,Entire home/apt,4.0,1.0,1.0,1200.0,Unknown
688492391,2025-08-12 00:29:30.427842,1160938214027261952,92,0.43895,0.819725,0.8078000000000001,0.43895,0.0,0.0,0.91425,2,0.0,0.0,0.0,0.0,0.0,0.0,0.0,0,Entire condo,Unknown,4.0,1.0,3.0,2340.0,Indre By
62211601,2025-08-12 00:58:39.360101,36539570,-1,0.0,0.0,0.0,0.0,0.0,0.0,0.0,0,0.0,0.0,0.0,0.0,0.0,0.0,0.0,0,Entire townhouse,Entire home/apt,4.0,1.5,4.0,1200.0,Indre By
62211601,2025-08-12 01:48:00.360101,769587123019096192,358,0.3404,0.35415,0.45405,0.0,0.0,0.35415,0.49145,2,0.0,0.0,0.0,0.0,0.0,0.0,0.0,0,Entire rental unit,Entire home/apt,3.0,1.0,1.0,1400.0,Frederiksberg
62211601,2025-08-12 01:54:50.360101,648535572162002816,1022,0.0,0.5719,0.0,0.0,0.0,0.5719,0.9517,1,0.0,0.0,0.0,0.0,0.0,0.0,0.0,0,Entire condo,Entire home/apt,2.0,1.0,1.0,1200.0,Frederiksberg
101256025,2025-08-12 04:56:07.759959,26742732,1122,0.7579,0.0,0.0,0.5859,0.5499,0.0,0.9794,1,0.0,0.0,0.0,0.0,0.0,0.0,0.0,0,Unknown,Entire home/apt,6.0,2.0,3.0,1200.0,Indre By
101256025,2025-08-12 05:46:55.759959,889163368630879488,30,0.0,0.0,0.0,0.0,0.0,0.0,0.0,1,0.0,0.0,0.0,0.0,0.0,0.0,0.0,1,Entire rental unit,Entire home/apt,4.0,1.0,2.0,1200.0,sterbro
153853500,2025-08-12 07:00:00.152291,50635066,-1,0.0,0.0,0.0,0.0,0.0,0.0,0.0,0,0.0,0.0,0.0,0.0,0.0,0.0,0.0,0,Unknown,Entire home/apt,4.0,1.0,2.0,1200.0,Unknown
101256025,2025-08-12 07:18:22.759959,53999861,43,0.0572,0.44077500000000003,0.2330833333333333,0.1634875,0.0,0.0,0.7829625,8,0.0,0.7269,0.0,0.0,0.0,0.0,0.9134,1,Entire condo,Entire home/apt,2.0,1.0,1.0,1492.0,Indre By
153853500,2025-08-12 07:36:00.152291,928259534988913152,-1,0.0,0.0,0.0,0.0,0.0,0.0,0.0,0,0.0,0.0,0.0,0.0,0.0,0.0,0.0,0,Other,Entire home/apt,2.0,1.0,1.0,1200.0,sterbro
153853500,2025-08-12 08:10:45.152291,1025404440369988352,397,0.0,0.0,0.0,0.0,0.0,0.0,0.0,1,0.0,0.0,0.0,0.0,0.0,0.0,0.0,0,Unknown,Entire home/apt,3.0,1.0,1.0,1200.0,Unknown
153853500,2025-08-12 09:21:54.152291,655129368761329536,107,0.1806,0.46655,0.0,0.0,0.0,0.2997,0.8592500000000001,2,0.0,0.0,0.0,0.0,0.0,0.0,0.0,0,Entire rental unit,Unknown,4.0,1.0,2.0,2067.0,Unknown
153853500,2025-08-12 10:09:22.152291,1055721775475789440,8,0.17668461538461538,0.37984615384615383,0.19065384615384615,0.026153846153846156,0.02188076923076922,0.04610769230769231,0.7463538461538461,13,0.0,0.146475,0.210475,0.0,0.03515,0.0,0.63915,4,Unknown,Unknown,9.0,2.0,4.0,1200.0,Indre By
153853500,2025-08-12 10:14:35.152291,43224854,1422,0.0,0.0,0.0,0.0,0.0,0.0,0.4588,1,0.0,0.0,0.0,0.0,0.0,0.0,0.0,0,Entire home,Unknown,8.0,3.5,5.0,2499.0,sterbro
101256025,2025-08-12 10:39:59.759959,1190300579423011072,-1,0.0,0.0,0.0,0.0,0.0,0.0,0.0,0,0.0,0.0,0.0,0.0,0.0,0.0,0.0,0,Other,Unknown,1.0,1.0,1.0,540.0,Amager Vest
101256025,2025-08-12 12:01:11.759959,1267998836238757120,-1,0.0,0.0,0.0,0.0,0.0,0.0,0.0,0,0.0,0.0,0.0,0.0,0.0,0.0,0.0,0,Unknown,Entire home/apt,3.0,1.0,1.0,1200.0,Vesterbro-Kongens Enghave
499680629,2025-08-12 12:18:02.970956,51708603,356,0.0,0.7845,0.0,0.0,0.631,0.0,0.9559,1,0.0,0.0,0.0,0.0,0.0,0.0,0.0,0,Unknown,Entire home/apt,2.0,1.0,1.0,1200.0,sterbro
299640937,2025-08-13 00:02:41.729132,27715507,383,0.08927142857142857,0.4342142857142857,0.31125714285714284,0.0,0.0,0.0,0.6350714285714286,7,0.0,0.0,0.0,0.0,0.0,0.0,0.0,0,Entire rental unit,Unknown,3.0,1.0,2.0,1200.0,Unknown
299640937,2025-08-13 01:07:19.729132,1511548730486176256,-1,0.0,0.0,0.0,0.0,0.0,0.0,0.0,0,0.0,0.0,0.0,0.0,0.0,0.0,0.0,0,Entire rental unit,Entire home/apt,2.0,1.0,1.0,1054.0,Unknown
198049721,2025-08-13 01:57:37.182087,1136617631223532800,-1,0.0,0.0,0.0,0.0,0.0,0.0,0.0,0,0.0,0.0,0.0,0.0,0.0,0.0,0.0,0,Entire condo,Entire home/apt,2.0,1.0,1.0,1200.0,Frederiksberg
299640937,2025-08-13 02:41:18.729132,624355005320422784,35,0.0,0.9254,0.0,0.7184,0.0,0.0,0.98,1,0.0,0.9254,0.0,0.7184,0.0,0.0,0.98,1,Entire condo,Entire home/apt,4.0,1.0,2.0,1260.0,Amager st
198049721,2025-08-13 02:46:41.182087,19962579,20,0.0,0.121,0.0,0.0,0.0,0.0,0.9484,1,0.0,0.121,0.0,0.0,0.0,0.0,0.9484,1,Entire rental unit,Entire home/apt,3.0,1.0,1.0,1987.0,sterbro
299640937,2025-08-13 04:43:57.729132,1239567,-1,0.0,0.0,0.0,0.0,0.0,0.0,0.0,0,0.0,0.0,0.0,0.0,0.0,0.0,0.0,0,Entire rental unit,Entire home/apt,4.0,1.0,1.0,1200.0,Vesterbro-Kongens Enghave
198049721,2025-08-13 05:04:39.182087,1013720408667481856,-1,0.0,0.0,0.0,0.0,0.0,0.0,0.0,0,0.0,0.0,0.0,0.0,0.0,0.0,0.0,0,Entire rental unit,Unknown,2.0,1.0,1.0,1200.0,Vesterbro-Kongens Enghave
198049721,2025-08-13 05:04:58.182087,1369407706263508992,-1,0.0,0.0,0.0,0.0,0.0,0.0,0.0,0,0.0,0.0,0.0,0.0,0.0,0.0,0.0,0,Unknown,Entire home/apt,4.0,1.0,2.0,1200.0,Unknown
299640937,2025-08-13 05:05:05.729132,34590239,17,0.08808,0.46907,0.30839999999999995,0.0,0.10533999999999999,0.25012,0.95946,5,0.4404,0.4939,0.6486,0.0,0.0,0.0,0.953,1,Entire rental unit,Unknown,4.0,1.5,3.0,1688.0,sterbro
299640937,2025-08-13 05:44:38.729132,1469651502060718080,-1,0.0,0.0,0.0,0.0,0.0,0.0,0.0,0,0.0,0.0,0.0,0.0,0.0,0.0,0.0,0,Entire rental unit,Unknown,2.0,1.0,1.0,1620.0,Indre By
198049721,2025-08-13 06:37:50.182087,1414705846626097408,-1,0.0,0.0,0.0,0.0,0.0,0.0,0.0,0,0.0,0.0,0.0,0.0,0.0,0.0,0.0,0,Entire home,Unknown,5.0,1.0,2.0,1200.0,Amager st
198049721,2025-08-13 06:50:25.182087,26646859,-1,0.0,0.0,0.0,0.0,0.0,0.0,0.0,0,0.0,0.0,0.0,0.0,0.0,0.0,0.0,0,Entire rental unit,Unknown,4.0,1.0,2.0,900.0,Frederiksberg
681873278,2025-08-13 13:12:42.207003,948640485660588416,-1,0.0,0.0,0.0,0.0,0.0,0.0,0.0,0,0.0,0.0,0.0,0.0,0.0,0.0,0.0,0,Private room in rental unit,Private room,3.0,1.0,1.0,1200.0,Indre By
7978738,2025-08-13 13:19:07.183401,44243480,328,0.0,0.30035,0.2377,0.0,0.0,0.2004,0.4925,2,0.0,0.0,0.0,0.0,0.0,0.0,0.0,0,Entire rental unit,Entire home/apt,2.0,1.0,1.0,1200.0,Indre By
681873278,2025-08-13 13:46:08.207003,1184655403574063360,-1,0.0,0.0,0.0,0.0,0.0,0.0,0.0,0,0.0,0.0,0.0,0.0,0.0,0.0,0.0,0,Unknown,Unknown,2.0,1.0,1.0,1170.0,Amager Vest
681873278,2025-08-13 14:09:25.207003,36035459,-1,0.0,0.0,0.0,0.0,0.0,0.0,0.0,0,0.0,0.0,0.0,0.0,0.0,0.0,0.0,0,Other,Entire home/apt,6.0,2.0,3.0,1200.0,Brnshj-Husum
469169784,2025-08-13 15:35:28.723543,663632527844167168,-1,0.0,0.0,0.0,0.0,0.0,0.0,0.0,0,0.0,0.0,0.0,0.0,0.0,0.0,0.0,0,Entire rental unit,Entire home/apt,4.0,1.0,1.0,1200.0,Unknown
7978738,2025-08-13 15:44:59.183401,708262,-1,0.0,0.0,0.0,0.0,0.0,0.0,0.0,0,0.0,0.0,0.0,0.0,0.0,0.0,0.0,0,Unknown,Entire home/apt,2.0,1.0,1.0,995.0,Unknown
53026731,2025-08-13 20:12:19.275775,713415759344330624,333,0.0,0.21065,0.224975,0.0,0.0,0.0,0.44695,4,0.0,0.0,0.0,0.0,0.0,0.0,0.0,0,Entire condo,Entire home/apt,2.0,1.0,1.0,1429.0,Nrrebro
53026731,2025-08-13 22:30:34.275775,1451185906920723712,-1,0.0,0.0,0.0,0.0,0.0,0.0,0.0,0,0.0,0.0,0.0,0.0,0.0,0.0,0.0,0,Private room in rental unit,Private room,3.0,1.0,1.0,675.0,Unknown
53026731,2025-08-13 22:44:18.275775,35859270,612,0.0,0.14909999999999998,0.6518,0.15293333333333334,0.0,0.1128,0.9039,3,0.0,0.0,0.0,0.0,0.0,0.0,0.0,0,Entire rental unit,Entire home/apt,2.0,1.0,1.0,1200.0,Nrrebro
34068089,2025-08-13 23:05:46.077128,667978224985708928,787,0.6705,0.38535,0.0,0.0,0.0,0.0,0.9475,1,0.0,0.0,0.0,0.0,0.0,0.0,0.0,0,Entire rental unit,Entire home/apt,2.0,1.0,1.0,1200.0,Amager Vest
75042819,2025-08-13 23:34:29.623807,23089213,422,0.0,0.24679999999999996,0.2278125,0.0,0.0,0.0,0.5820125,8,0.0,0.0,0.0,0.0,0.0,0.0,0.0,0,Entire rental unit,Entire home/apt,2.0,1.0,1.0,1443.0,Indre By
75042819,2025-08-14 00:01:36.623807,1182923262701311488,-1,0.0,0.0,0.0,0.0,0.0,0.0,0.0,0,0.0,0.0,0.0,0.0,0.0,0.0,0.0,0,Private room in rental unit,Private room,2.0,1.0,1.0,798.0,Vesterbro-Kongens Enghave
75042819,2025-08-14 00:12:34.623807,699774777815048576,797,0.0,0.0,0.0,0.0,0.0,0.0,0.2942,1,0.0,0.0,0.0,0.0,0.0,0.0,0.0,0,Entire condo,Entire home/apt,2.0,1.0,1.0,1200.0,Frederiksberg
34068089,2025-08-14 01:38:51.077128,6689857,65,0.118625,0.08792948717948719,0.21157692307692308,0.0,0.09197307692307694,0.04838461538461539,0.36240384615384613,26,-0.0509,0.0,0.4939,0.0,0.802,0.0,0.9407,1,Other,Private room,3.0,1.0,1.0,405.0,Bispebjerg
75042819,2025-08-14 01:55:05.623807,1416524739177282816,-1,0.0,0.0,0.0,0.0,0.0,0.0,0.0,0,0.0,0.0,0.0,0.0,0.0,0.0,0.0,0,Entire rental unit,Entire home/apt,2.0,1.0,1.0,720.0,Unknown
194622408,2025-08-14 02:34:41.897551,1144970733027733760,346,0.0,0.6249,0.7717,0.0,0.0,0.0,0.902,1,0.0,0.0,0.0,0.0,0.0,0.0,0.0,0,Entire condo,Entire home/apt,3.0,1.0,1.0,1100.0,Frederiksberg
75042819,2025-08-14 03:31:35.623807,17215903,457,0.0,0.0,0.0,0.0,0.0,0.8402,0.8516,1,0.0,0.0,0.0,0.0,0.0,0.0,0.0,0,Entire condo,Entire home/apt,2.0,1.0,1.0,1064.0,sterbro
194622408,2025-08-14 03:52:49.897551,627410841564913152,851,0.0,0.4404,0.762,0.0,0.7579,0.0,0.9593,1,0.0,0.0,0.0,0.0,0.0,0.0,0.0,0,Entire condo,Entire home/apt,3.0,1.0,1.0,1099.0,Vesterbro-Kongens Enghave
194622408,2025-08-14 04:23:36.897551,6326803,2880,0.0,0.4145,0.0,0.0,0.0,0.0,0.4916,2,0.0,0.0,0.0,0.0,0.0,0.0,0.0,0,Entire rental unit,Entire home/apt,2.0,1.0,1.0,1200.0,Nrrebro
194622408,2025-08-14 04:59:26.897551,35610090,1831,0.0,0.0,0.0,0.0,0.0,0.0,0.0,1,0.0,0.0,0.0,0.0,0.0,0.0,0.0,0,Other,Unknown,7.0,2.0,1.0,1200.0,Brnshj-Husum
75042819,2025-08-14 05:27:07.623807,1439828203818636544,30,0.0,0.0,0.0,0.0,0.0,0.0,0.8439,1,0.0,0.0,0.0,0.0,0.0,0.0,0.8439,1,Entire rental unit,Entire home/apt,3.0,1.0,1.0,1174.0,Amager Vest
75042819,2025-08-14 05:48:36.623807,1387601380419891200,-1,0.0,0.0,0.0,0.0,0.0,0.0,0.0,0,0.0,0.0,0.0,0.0,0.0,0.0,0.0,0,Entire rental unit,Entire home/apt,3.0,1.0,1.0,902.0,Amager st
75042819,2025-08-14 07:57:20.623807,850568192027225344,-1,0.0,0.0,0.0,0.0,0.0,0.0,0.0,0,0.0,0.0,0.0,0.0,0.0,0.0,0.0,0,Unknown,Entire home/apt,2.0,1.0,1.0,1300.0,Nrrebro
358445141,2025-08-14 09:19:02.953827,1344120558503374336,-1,0.0,0.0,0.0,0.0,0.0,0.0,0.0,0,0.0,0.0,0.0,0.0,0.0,0.0,0.0,0,Entire rental unit,Entire home/apt,3.0,1.0,1.0,1080.0,Indre By
358445141,2025-08-14 09:32:11.953827,49035534,-1,0.0,0.0,0.0,0.0,0.0,0.0,0.0,0,0.0,0.0,0.0,0.0,0.0,0.0,0.0,0,Entire rental unit,Unknown,2.0,1.0,1.0,1200.0,Valby
358445141,2025-08-14 10:12:56.953827,6680321,3668,0.0,0.8074,0.8122,0.8122,0.8074,0.0,0.9764,1,0.0,0.0,0.0,0.0,0.0,0.0,0.0,0,Entire rental unit,Entire home/apt,3.0,1.0,3.0,1200.0,Unknown
148648748,2025-08-14 10:40:20.817553,6181515,4,0.12426315789473683,0.26372526315789474,0.18315263157894737,0.02681578947368421,0.010647368421052633,0.06473684210526316,0.606178947368421,19,0.0,0.0,0.41785,0.0,0.0,0.0,0.4815,2,Unknown,Entire home/apt,4.0,1.0,2.0,1629.0,sterbro
148648748,2025-08-14 11:21:44.817553,37245506,695,0.72455,0.61635,0.3629,0.0,0.4294,0.3629,0.95595,2,0.0,0.0,0.0,0.0,0.0,0.0,0.0,0,Entire rental unit,Entire home/apt,4.0,1.0,2.0,1200.0,Nrrebro
148648748,2025-08-14 11:39:27.817553,733041040667070208,5,0.0,0.366275,0.1764,0.0,0.0,0.100475,0.8483499999999999,4,0.0,0.4201,0.0,0.0,0.0,0.0,0.85775,2,Entire condo,Entire home/apt,2.0,1.0,1.0,1800.0,Indre By
148648748,2025-08-14 11:39:27.817553,1459964540970273024,5,0.0,0.0,0.0,0.0,0.0,0.0,0.0,1,0.0,0.0,0.0,0.0,0.0,0.0,0.0,1,Private room in condo,Private room,3.0,1.0,1.0,1049.0,Nrrebro
358445141,2025-08-14 11:48:15.953827,1139648694140452736,327,0.0,0.1953,0.0,0.0,0.0,0.0,0.08636666666666666,3,0.0,0.0,0.0,0.0,0.0,0.0,0.0,0,Entire rental unit,Unknown,5.0,1.0,1.0,1402.0,sterbro
555842231,2025-08-14 17:05:50.006055,623740680378797568,745,0.0,0.0,0.0,0.0,0.0,0.0,0.2481,1,0.0,0.0,0.0,0.0,0.0,0.0,0.0,0,Unknown,Private room,2.0,1.0,1.0,1200.0,Nrrebro
4947784,2025-08-14 17:23:21.616905,1235354790774248192,67,0.0,0.6908,0.7717,0.7717,0.0,0.0,0.9666,1,0.0,0.6908,0.7717,0.7717,0.0,0.0,0.9666,1,Unknown,Entire home/apt,3.0,1.0,1.0,1200.0,Bispebjerg
555842231,2025-08-14 17:51:10.006055,1341391921960235008,-1,0.0,0.0,0.0,0.0,0.0,0.0,0.0,0,0.0,0.0,0.0,0.0,0.0,0.0,0.0,0,Entire rental unit,Entire home/apt,2.0,1.0,1.0,1200.0,Vesterbro-Kongens Enghave
555842231,2025-08-14 18:47:11.006055,4193608,359,0.0,0.4691,0.4035,0.0,0.0,0.24635,0.97425,2,0.0,0.0,0.0,0.0,0.0,0.0,0.0,0,Entire rental unit,Entire home/apt,4.0,1.0,2.0,1200.0,Amager Vest
4947784,2025-08-14 20:15:04.616905,1457938602388233472,33,0.0,0.0,0.0,0.0,0.0,0.0,0.0,1,0.0,0.0,0.0,0.0,0.0,0.0,0.0,1,Entire rental unit,Entire home/apt,2.0,1.0,1.0,1200.0,Unknown
4947784,2025-08-14 20:49:14.616905,805821948456799360,465,0.6549,0.0,0.7146,0.0,0.0,0.0,0.9674,1,0.0,0.0,0.0,0.0,0.0,0.0,0.0,0,Entire condo,Entire home/apt,2.0,1.0,1.0,1200.0,Amager st
555842231,2025-08-14 21:30:08.006055,44007344,725,0.0,0.8151999999999999,0.0,0.0,0.0,0.5859,0.9872,1,0.0,0.0,0.0,0.0,0.0,0.0,0.0,0,Unknown,Entire home/apt,3.0,1.0,2.0,1200.0,Nrrebro
555842231,2025-08-14 23:29:07.006055,1460051040420432128,-1,0.0,0.0,0.0,0.0,0.0,0.0,0.0,0,0.0,0.0,0.0,0.0,0.0,0.0,0.0,0,Entire rental unit,Unknown,4.0,1.0,2.0,1000.0,Unknown
555842231,2025-08-14 23:29:07.006055,45436895,8,0.1774,0.0796125,0.0,0.028099999999999986,0.0,0.0,0.32055,4,0.7096,0.31845,0.0,0.0,0.0,0.0,0.9201,1,Entire condo,Entire home/apt,3.0,1.0,1.0,1533.0,Unknown
101021666,2025-08-15 09:08:26.858624,805658443136642304,-1,0.0,0.0,0.0,0.0,0.0,0.0,0.0,0,0.0,0.0,0.0,0.0,0.0,0.0,0.0,0,Unknown,Entire home/apt,5.0,1.0,3.0,2022.0,Unknown
263508880,2025-08-15 11:12:42.871097,1171501141430428416,385,0.0,0.0,0.0,0.0,0.0,0.0,0.4199,1,0.0,0.0,0.0,0.0,0.0,0.0,0.0,0,Entire rental unit,Entire home/apt,3.0,1.0,1.0,990.0,Frederiksberg
263508880,2025-08-15 12:00:17.871097,15914680,-1,0.0,0.0,0.0,0.0,0.0,0.0,0.0,0,0.0,0.0,0.0,0.0,0.0,0.0,0.0,0,Entire rental unit,Entire home/apt,3.0,1.0,1.0,1200.0,Nrrebro
263508880,2025-08-15 12:56:47.871097,48297091,474,0.28650000000000003,0.34248666666666666,0.254,0.0,0.0,0.1953,0.8219666666666666,3,0.0,0.0,0.0,0.0,0.0,0.0,0.0,0,Entire condo,Entire home/apt,4.0,1.0,1.0,990.0,Bispebjerg
26718958,2025-08-15 17:37:17.178931,19298873,392,0.13396666666666665,0.13626666666666667,0.0,0.1983,0.0,0.0,0.7714,3,0.0,0.0,0.0,0.0,0.0,0.0,0.0,0,Entire condo,Entire home/apt,4.0,1.0,2.0,974.0,Unknown
26718958,2025-08-15 19:04:53.178931,1475962124004503040,-1,0.0,0.0,0.0,0.0,0.0,0.0,0.0,0,0.0,0.0,0.0,0.0,0.0,0.0,0.0,0,Private room in rental unit,Unknown,2.0,1.0,1.0,495.0,Vesterbro-Kongens Enghave
26718958,2025-08-15 20:13:35.178931,1127473131522626944,-1,0.0,0.0,0.0,0.0,0.0,0.0,0.0,0,0.0,0.0,0.0,0.0,0.0,0.0,0.0,0,Private room in rental unit,Private room,4.0,1.0,2.0,1080.0,Frederiksberg
63302835,2025-08-15 21:02:39.526486,51183659,875,0.189475,0.58945,0.422975,0.0,0.0,0.366875,0.677025,4,0.0,0.0,0.0,0.0,0.0,0.0,0.0,0,Entire condo,Entire home/apt,3.0,1.0,1.0,1200.0,Amager st
26718958,2025-08-15 21:31:29.178931,647766181725609344,-1,0.0,0.0,0.0,0.0,0.0,0.0,0.0,0,0.0,0.0,0.0,0.0,0.0,0.0,0.0,0,Entire condo,Entire home/apt,4.0,1.0,1.0,1200.0,Nrrebro
26718958,2025-08-15 23:21:56.178931,680716563822111360,1061,0.0,0.0,0.0,0.0,0.0,0.0,0.5994,1,0.0,0.0,0.0,0.0,0.0,0.0,0.0,0,Entire condo,Entire home/apt,3.0,1.0,2.0,1260.0,sterbro
26718958,2025-08-16 02:13:01.178931,40386496,-1,0.0,0.0,0.0,0.0,0.0,0.0,0.0,0,0.0,0.0,0.0,0.0,0.0,0.0,0.0,0,Entire rental unit,Unknown,2.0,1.5,1.0,1200.0,sterbro
52396469,2025-08-16 08:40:22.523010,1286969344300672256,-1,0.0,0.0,0.0,0.0,0.0,0.0,0.0,0,0.0,0.0,0.0,0.0,0.0,0.0,0.0,0,Entire rental unit,Entire home/apt,4.0,1.0,1.0,1200.0,Nrrebro
52396469,2025-08-16 09:34:50.523010,41229500,1478,0.0,0.5859,0.4404,0.0,0.0,0.0,0.7901,1,0.0,0.0,0.0,0.0,0.0,0.0,0.0,0,Entire townhouse,Entire home/apt,5.0,1.0,3.0,1200.0,Indre By
218641470,2025-08-16 11:12:42.533547,36464393,-1,0.0,0.0,0.0,0.0,0.0,0.0,0.0,0,0.0,0.0,0.0,0.0,0.0,0.0,0.0,0,Unknown,Entire home/apt,7.0,1.0,3.0,3000.0,Valby
52396469,2025-08-16 11:39:13.523010,18212582,2925,0.0,0.0,0.0,0.0,0.4173,0.4173,0.7958,1,0.0,0.0,0.0,0.0,0.0,0.0,0.0,0,Entire condo,Entire home/apt,4.0,1.0,1.0,959.0,Frederiksberg
218641470,2025-08-16 13:11:08.533547,1004115488253566208,20,0.17316,0.14874,0.11438,0.0,0.0,0.17316,0.41768,5,0.0,0.0,0.0,0.0,0.0,0.0,0.0,1,Entire rental unit,Entire home/apt,2.0,1.0,1.0,1300.0,Indre By
41537000,2025-08-17 01:05:37.483521,1092876413229206144,122,0.0,0.0,0.3528,0.0,0.0,0.0,0.94425,2,0.0,0.0,0.0,0.0,0.0,0.0,0.0,0,Unknown,Entire home/apt,3.0,1.0,1.0,720.0,Valby
44778053,2025-08-17 01:47:10.189295,860633723264551424,-1,0.0,0.0,0.0,0.0,0.0,0.0,0.0,0,0.0,0.0,0.0,0.0,0.0,0.0,0.0,0,Entire condo,Entire home/apt,2.0,1.0,1.0,1200.0,Nrrebro
44778053,2025-08-17 02:40:20.189295,4600764,2611,0.0,0.409,0.0,0.29295,0.0,0.29295,0.44955,2,0.0,0.0,0.0,0.0,0.0,0.0,0.0,0,Entire rental unit,Entire home/apt,4.0,1.0,1.0,1200.0,Indre By
44778053,2025-08-17 03:10:27.189295,43985115,653,0.0,-0.2023,0.0,0.0,0.0,0.0,-0.2023,1,0.0,0.0,0.0,0.0,0.0,0.0,0.0,0,Entire condo,Unknown,4.0,1.0,3.0,1170.0,Bispebjerg
41537000,2025-08-17 04:12:24.483521,922845403191685376,252,0.0,0.0,0.0,0.0,0.3818,0.0,0.95,1,0.0,0.0,0.0,0.0,0.0,0.0,0.0,0,Entire condo,Entire home/apt,4.0,1.0,3.0,912.0,sterbro
41537000,2025-08-17 04:47:38.483521,816569342670829696,-1,0.0,0.0,0.0,0.0,0.0,0.0,0.0,0,0.0,0.0,0.0,0.0,0.0,0.0,0.0,0,Private room in rental unit,Private room,1.0,1.0,1.0,352.0,Unknown
44778053,2025-08-17 05:27:17.189295,1434694123877971712,9,0.0,0.0,0.5719,0.0,0.0,0.0,0.6114,1,0.0,0.0,0.5719,0.0,0.0,0.0,0.6114,1,Other,Private room,3.0,1.0,1.0,1200.0,Frederiksberg
17187372,2025-08-17 06:15:27.332751,1460302119433376000,-1,0.0,0.0,0.0,0.0,0.0,0.0,0.0,0,0.0,0.0,0.0,0.0,0.0,0.0,0.0,0,Private room in rental unit,Unknown,3.0,1.0,1.0,1200.0,Amager Vest
44778053,2025-08-17 06:28:43.189295,1093428010056720128,-1,0.0,0.0,0.0,0.0,0.0,0.0,0.0,0,0.0,0.0,0.0,0.0,0.0,0.0,0.0,0,Entire rental unit,Entire home/apt,3.0,1.0,1.0,1142.0,Vesterbro-Kongens Enghave
17187372,2025-08-17 06:44:09.332751,32812051,2079,0.0,0.5777,0.7397,0.0,0.0,0.0,0.974,1,0.0,0.0,0.0,0.0,0.0,0.0,0.0,0,Unknown,Entire home/apt,4.0,1.0,1.0,1200.0,Vesterbro-Kongens Enghave
44778053,2025-08-17 07:09:44.189295,1450579601549783552,-1,0.0,0.0,0.0,0.0,0.0,0.0,0.0,0,0.0,0.0,0.0,0.0,0.0,0.0,0.0,0,Entire rental unit,Entire home/apt,3.0,1.0,1.0,1298.0,Unknown
44778053,2025-08-17 07:09:44.189295,35531008,-1,0.0,0.0,0.0,0.0,0.0,0.0,0.0,0,0.0,0.0,0.0,0.0,0.0,0.0,0.0,0,Unknown,Entire home/apt,3.0,1.0,1.0,1200.0,Indre By
17187372,2025-08-17 10:30:53.332751,34452929,510,0.11258333333333333,0.43306249999999996,0.14375833333333332,0.0,0.0793875,0.053075000000000004,0.6758416666666666,12,0.0,0.0,0.0,0.0,0.0,0.0,0.0,0,Other,Unknown,3.0,1.0,2.0,1200.0,Amager st
17187372,2025-08-17 11:25:32.332751,1464991377632399104,-1,0.0,0.0,0.0,0.0,0.0,0.0,0.0,0,0.0,0.0,0.0,0.0,0.0,0.0,0.0,0,Entire rental unit,Unknown,2.0,1.0,1.0,1235.0,sterbro
17187372,2025-08-17 11:51:27.332751,867616014442120448,556,0.0,0.0,0.4201,0.0,0.0,0.0,0.9573,1,0.0,0.0,0.0,0.0,0.0,0.0,0.0,0,Entire rental unit,Entire home/apt,3.0,1.0,1.0,1200.0,Unknown
16178959,2025-08-17 12:36:22.434586,1515920399566010624,-1,0.0,0.0,0.0,0.0,0.0,0.0,0.0,0,0.0,0.0,0.0,0.0,0.0,0.0,0.0,0,Unknown,Entire home/apt,3.0,2.0,2.0,1200.0,Indre By
661381489,2025-08-17 13:21:09.691383,39173337,119,0.0,0.7750666666666667,0.31,0.16423333333333334,0.0,0.0,0.973,3,0.0,0.0,0.0,0.0,0.0,0.0,0.0,0,Entire rental unit,Entire home/apt,2.0,1.0,1.0,1200.0,Nrrebro
16178959,2025-08-17 13:38:13.434586,22613545,-1,0.0,0.0,0.0,0.0,0.0,0.0,0.0,0,0.0,0.0,0.0,0.0,0.0,0.0,0.0,0,Entire rental unit,Unknown,2.0,1.0,1.0,1200.0,Indre By
661381489,2025-08-17 13:42:44.691383,897551875592271488,-1,0.0,0.0,0.0,0.0,0.0,0.0,0.0,0,0.0,0.0,0.0,0.0,0.0,0.0,0.0,0,Entire rental unit,Entire home/apt,4.0,1.0,2.0,1200.0,Frederiksberg
17187372,2025-08-17 13:47:42.332751,1452172690409012224,-1,0.0,0.0,0.0,0.0,0.0,0.0,0.0,0,0.0,0.0,0.0,0.0,0.0,0.0,0.0,0,Entire rental unit,Entire home/apt,2.0,1.0,1.0,1200.0,Bispebjerg
661381489,2025-08-17 13:50:12.691383,6091514,406,0.6705,0.0,0.7178,0.0,0.0,0.0,0.8883,1,0.0,0.0,0.0,0.0,0.0,0.0,0.0,0,Unknown,Entire home/apt,6.0,1.0,3.0,1906.0,Frederiksberg
17187372,2025-08-17 14:47:38.332751,1268921791775714304,-1,0.0,0.0,0.0,0.0,0.0,0.0,0.0,0,0.0,0.0,0.0,0.0,0.0,0.0,0.0,0,Unknown,Entire home/apt,3.0,1.0,1.0,1200.0,Nrrebro
92437944,2025-08-17 15:10:57.422454,1160906019533249792,-1,0.0,0.0,0.0,0.0,0.0,0.0,0.0,0,0.0,0.0,0.0,0.0,0.0,0.0,0.0,0,Entire rental unit,Entire home/apt,2.0,1.0,1.0,1896.0,Indre By
92437944,2025-08-17 15:51:49.422454,616581680609657088,757,0.0,0.0,0.7397,0.0,0.0,0.0,0.8773,1,0.0,0.0,0.0,0.0,0.0,0.0,0.0,0,Entire rental unit,Entire home/apt,2.0,1.0,1.0,1200.0,Amager st
661381489,2025-08-17 16:58:57.691383,38043621,395,0.21537,0.302325,0.283975,0.0,0.045537499999999974,0.235575,-0.026225,4,0.0,0.0,0.0,0.0,0.0,0.0,0.0,0,Entire condo,Unknown,2.0,1.0,1.0,1200.0,Amager Vest
92437944,2025-08-17 17:14:33.422454,1171508264033691392,-1,0.0,0.0,0.0,0.0,0.0,0.0,0.0,0,0.0,0.0,0.0,0.0,0.0,0.0,0.0,0,Other,Private room,3.0,1.0,1.0,1200.0,Amager Vest
34531134,2025-08-17 17:16:34.943174,1169476731314050304,-1,0.0,0.0,0.0,0.0,0.0,0.0,0.0,0,0.0,0.0,0.0,0.0,0.0,0.0,0.0,0,Entire rental unit,Entire home/apt,3.0,1.0,1.0,765.0,sterbro
661381489,2025-08-17 17:21:53.691383,737032710831848192,609,0.47864000000000007,0.19898000000000002,0.49651999999999996,0.0,0.10846,0.10846,0.84256,5,0.0,0.0,0.0,0.0,0.0,0.0,0.0,0,Entire condo,Entire home/apt,2.0,1.0,1.0,1200.0,Unknown
34531134,2025-08-17 17:30:34.943174,1475424280952375296,-1,0.0,0.0,0.0,0.0,0.0,0.0,0.0,0,0.0,0.0,0.0,0.0,0.0,0.0,0.0,0,Unknown,Entire home/apt,2.0,1.0,1.0,952.0,Valby
92437944,2025-08-17 18:12:48.422454,16009150,1015,0.156915,0.38791133333333333,0.207895,0.008808,0.048226,0.082143,0.66513,50,0.0,0.0,0.0,0.0,0.0,0.0,0.0,0,Entire rental unit,Entire home/apt,2.0,1.0,1.0,1200.0,Indre By
92437944,2025-08-17 18:20:25.422454,1338917701531039488,61,0.12765,0.354025,0.2291,0.2291,0.0,0.255025,0.6883250000000001,4,0.0,0.8442,0.0,0.0,0.0,0.5095,0.908,1,Entire rental unit,Entire home/apt,2.0,1.0,1.0,605.0,Unknown
92437944,2025-08-17 18:30:39.422454,35605428,-1,0.0,0.0,0.0,0.0,0.0,0.0,0.0,0,0.0,0.0,0.0,0.0,0.0,0.0,0.0,0,Unknown,Entire home/apt,4.0,1.0,3.0,1200.0,Vesterbro-Kongens Enghave
661381489,2025-08-17 18:37:19.691383,25931519,-1,0.0,0.0,0.0,0.0,0.0,0.0,0.0,0,0.0,0.0,0.0,0.0,0.0,0.0,0.0,0,Entire townhouse,Entire home/apt,4.0,1.0,1.0,1200.0,Vesterbro-Kongens Enghave
92437944,2025-08-17 19:27:01.422454,2581453,1062,0.0,0.1114148148148148,0.14936666666666668,0.07076666666666667,-0.01526111111111111,0.037599999999999995,0.5386444444444445,9,0.0,0.0,0.0,0.0,0.0,0.0,0.0,0,Entire rental unit,Entire home/apt,6.0,1.5,3.0,1200.0,Nrrebro
326946693,2025-08-17 21:28:00.049605,39504720,447,0.5262333333333333,0.5831666666666667,0.2352,0.0,0.0,0.0,0.9405666666666667,3,0.0,0.0,0.0,0.0,0.0,0.0,0.0,0,Entire rental unit,Entire home/apt,2.0,1.0,1.0,2000.0,Nrrebro
92437944,2025-08-17 22:23:38.422454,1354898184482717952,-1,0.0,0.0,0.0,0.0,0.0,0.0,0.0,0,0.0,0.0,0.0,0.0,0.0,0.0,0.0,0,Entire rental unit,Entire home/apt,3.0,1.0,1.0,1000.0,Vesterbro-Kongens Enghave
495807184,2025-08-17 22:45:44.251897,1508819007834911744,-1,0.0,0.0,0.0,0.0,0.0,0.0,0.0,0,0.0,0.0,0.0,0.0,0.0,0.0,0.0,0,Entire condo,Entire home/apt,3.0,1.0,1.0,1200.0,Indre By
92437944,2025-08-17 23:29:07.422454,1389542,2054,-0.11513333333333332,0.16078148148148147,0.16463333333333333,0.0734,0.0,0.0,0.8196333333333333,3,0.0,0.0,0.0,0.0,0.0,0.0,0.0,0,Entire condo,Entire home/apt,3.0,1.0,3.0,1105.0,Nrrebro
326946693,2025-08-17 23:30:09.049605,1079596781175540096,490,0.0,0.5859,0.4215,0.4215,0.0,0.0,0.949,1,0.0,0.0,0.0,0.0,0.0,0.0,0.0,0,Entire home,Entire home/apt,3.0,1.0,1.0,1200.0,Bispebjerg
92437944,2025-08-17 23:42:20.422454,1435978760899560960,21,0.0,0.0,0.0,0.0,0.0,0.0,-0.6688,1,0.0,0.0,0.0,0.0,0.0,0.0,-0.6688,1,Unknown,Private room,3.0,1.0,1.0,1200.0,Unknown
92437944,2025-08-17 23:54:27.422454,1315603631228250368,7,0.0,0.2044,0.156225,0.0,0.0,0.0,0.4677,4,0.0,0.2044,0.156225,0.0,0.0,0.0,0.4677,4,Unknown,Entire home/apt,2.0,1.0,1.0,1135.0,Unknown
326946693,2025-08-18 00:06:19.049605,1457262339592631040,-1,0.0,0.0,0.0,0.0,0.0,0.0,0.0,0,0.0,0.0,0.0,0.0,0.0,0.0,0.0,0,Entire home,Entire home/apt,4.0,2.0,3.0,1200.0,Indre By
326946693,2025-08-18 01:53:37.049605,817890959270386304,78,0.0,0.35015,0.0,0.0,0.35015,0.35015,0.1689,2,0.0,0.0,0.0,0.0,0.0,0.0,-0.636,1,Unknown,Unknown,4.0,1.5,2.0,1720.0,Unknown
326946693,2025-08-18 02:17:55.049605,592704042016213120,-1,0.0,0.0,0.0,0.0,0.0,0.0,0.0,0,0.0,0.0,0.0,0.0,0.0,0.0,0.0,0,Entire condo,Entire home/apt,2.0,1.0,1.0,1200.0,Vesterbro-Kongens Enghave
674913107,2025-08-18 04:03:01.028845,26054244,1345,-0.097025,0.0,0.0,0.211625,0.0,0.0,0.530575,4,0.0,0.0,0.0,0.0,0.0,0.0,0.0,0,Unknown,Unknown,2.0,1.0,1.0,1200.0,Unknown
29987292,2025-08-18 04:43:21.952046,1257230989588586240,16,0.0,0.0794,0.24750000000000003,0.0,0.0,0.0,0.6142,3,0.0,0.0794,0.24750000000000003,0.0,0.0,0.0,0.6142,3,Private room in rental unit,Private room,4.0,1.0,1.0,450.0,Vanlse
674913107,2025-08-18 06:59:09.028845,575682977766102400,472,0.41,0.4686333333333333,0.7184,0.8173,0.0,0.0,0.9863,1,0.0,0.0,0.0,0.0,0.0,0.0,0.0,0,Entire condo,Entire home/apt,4.0,1.0,1.0,1200.0,Nrrebro
674913107,2025-08-18 08:33:11.028845,951387542870153728,563,0.0,0.0,0.0,0.0,0.0,0.0,0.4003,1,0.0,0.0,0.0,0.0,0.0,0.0,0.0,0,Entire rental unit,Entire home/apt,3.0,1.0,1.0,1200.0,Vanlse
29987292,2025-08-18 10:17:51.952046,660055260935431808,740,0.0,0.31245,0.0,0.0,0.0,0.0,0.8481,1,0.0,0.0,0.0,0.0,0.0,0.0,0.0,0,Entire condo,Unknown,3.0,1.0,1.0,1200.0,Nrrebro
29987292,2025-08-18 13:02:10.952046,6850395,44,0.0,0.6372833333333333,0.4527666666666666,0.0,0.0,0.2796666666666667,0.9796666666666667,3,0.0,0.28595,0.5267,0.0,0.0,0.0,0.9892,1,Private room in rental unit,Private room,2.0,1.0,2.0,1200.0,Unknown
692948858,2025-08-18 14:08:39.414882,584081365555622784,-1,0.0,0.0,0.0,0.0,0.0,0.0,0.0,0,0.0,0.0,0.0,0.0,0.0,0.0,0.0,0,Entire townhouse,Entire home/apt,8.0,2.0,3.0,1200.0,Vanlse
140614064,2025-08-18 15:03:53.029371,1330582149273461248,168,0.0,0.6249,0.6597,0.0,0.0,0.0,0.8591,1,0.0,0.0,0.0,0.0,0.0,0.0,0.0,0,Entire rental unit,Entire home/apt,2.0,1.0,1.0,626.0,Amager Vest
140614064,2025-08-18 15:16:33.029371,6704379,1161,-0.4151,0.0,0.6577625,0.0,0.0,0.4298,0.90655,2,0.0,0.0,0.0,0.0,0.0,0.0,0.0,0,Private room in rental unit,Private room,2.0,1.0,1.0,1200.0,sterbro
140614064,2025-08-18 16:24:39.029371,1418302107815231232,89,0.0,0.0,0.0,0.0,0.0,0.0,0.0,1,0.0,0.0,0.0,0.0,0.0,0.0,0.0,1,Private room in rental unit,Private room,3.0,3.0,1.0,1200.0,Unknown
140614064,2025-08-18 18:14:36.029371,22473865,-1,0.0,0.0,0.0,0.0,0.0,0.0,0.0,0,0.0,0.0,0.0,0.0,0.0,0.0,0.0,0,Entire townhouse,Entire home/apt,5.0,2.0,3.0,1200.0,Frederiksberg
140614064,2025-08-18 19:10:59.029371,603344513365767680,-1,0.0,0.0,0.0,0.0,0.0,0.0,0.0,0,0.0,0.0,0.0,0.0,0.0,0.0,0.0,0,Unknown,Entire home/apt,3.0,1.0,1.0,1200.0,Bispebjerg
140614064,2025-08-18 20:12:01.029371,51566983,-1,0.0,0.0,0.0,0.0,0.0,0.0,0.0,0,0.0,0.0,0.0,0.0,0.0,0.0,0.0,0,Entire condo,Unknown,2.0,1.0,1.0,1200.0,Bispebjerg
692948858,2025-08-18 20:22:10.414882,18973788,728,0.31245,0.42255000000000004,0.85905,0.0,0.0,0.0,0.9406,2,0.0,0.0,0.0,0.0,0.0,0.0,0.0,0,Unknown,Entire home/apt,3.0,1.0,2.0,2050.0,Nrrebro
692948858,2025-08-18 20:40:55.414882,18230983,833,0.251,0.34905625,0.100925,0.100925,0.1069375,0.23359999999999997,0.8079500000000001,8,0.0,0.0,0.0,0.0,0.0,0.0,0.0,0,Entire condo,Unknown,4.0,1.0,2.0,1200.0,Vesterbro-Kongens Enghave
140614064,2025-08-18 21:08:52.029371,616568074684666496,-1,0.0,0.0,0.0,0.0,0.0,0.0,0.0,0,0.0,0.0,0.0,0.0,0.0,0.0,0.0,0,Unknown,Unknown,4.0,1.0,1.0,1200.0,Vesterbro-Kongens Enghave
692948858,2025-08-18 21:39:48.414882,1468208298877626880,-1,0.0,0.0,0.0,0.0,0.0,0.0,0.0,0,0.0,0.0,0.0,0.0,0.0,0.0,0.0,0,Entire rental unit,Entire home/apt,2.0,1.0,1.0,900.0,Nrrebro
140614064,2025-08-18 23:09:11.029371,1377659337602270976,-1,0.0,0.0,0.0,0.0,0.0,0.0,0.0,0,0.0,0.0,0.0,0.0,0.0,0.0,0.0,0,Entire rental unit,Entire home/apt,1.0,1.0,1.0,1031.0,Indre By
140614064,2025-08-18 23:12:15.029371,1409550508046250752,28,0.0,0.0,0.0,0.0,0.0,0.0,0.4215,1,0.0,0.0,0.0,0.0,0.0,0.0,0.4215,1,Entire rental unit,Entire home/apt,4.0,1.0,1.0,1269.0,Frederiksberg
692948858,2025-08-18 23:44:24.414882,541950339805227520,352,0.0,0.09429999999999995,0.0,0.0,0.0,0.0,0.47585,2,0.0,0.0,0.0,0.0,0.0,0.0,0.0,0,Entire condo,Entire home/apt,6.0,1.0,1.0,1200.0,Frederiksberg
692948858,2025-08-19 00:01:10.414882,1445856531885806592,-1,0.0,0.0,0.0,0.0,0.0,0.0,0.0,0,0.0,0.0,0.0,0.0,0.0,0.0,0.0,0,Private room in rental unit,Private room,2.0,1.0,1.0,1200.0,Brnshj-Husum
692948858,2025-08-19 00:01:10.414882,4193608,364,0.0,0.4691,0.4035,0.0,0.0,0.24635,0.97425,2,0.0,0.0,0.0,0.0,0.0,0.0,0.0,0,Entire rental unit,Entire home/apt,4.0,1.0,2.0,1200.0,Amager Vest
524768366,2025-08-19 02:16:00.834166,1161402788876393216,34,0.5626,0.4404,0.43895,0.43895,0.0,0.0,0.7142000000000001,2,0.4019,0.4404,0.0,0.0,0.0,0.0,0.468,1,Entire rental unit,Entire home/apt,4.0,1.0,1.0,1000.0,Bispebjerg
524768366,2025-08-19 03:02:18.834166,51183659,879,0.189475,0.58945,0.422975,0.0,0.0,0.366875,0.677025,4,0.0,0.0,0.0,0.0,0.0,0.0,0.0,0,Entire condo,Entire home/apt,3.0,1.0,1.0,1200.0,Amager st
289995173,2025-08-19 03:07:10.406821,38154172,1860,0.0,0.2732,0.0,0.0,0.0,0.0,0.2732,1,0.0,0.0,0.0,0.0,0.0,0.0,0.0,0,Entire rental unit,Unknown,3.0,2.0,4.0,1600.0,Frederiksberg
465270162,2025-08-19 03:29:28.639653,1516400599926518528,-1,0.0,0.0,0.0,0.0,0.0,0.0,0.0,0,0.0,0.0,0.0,0.0,0.0,0.0,0.0,0,Entire home,Entire home/apt,6.0,1.5,3.0,1200.0,Unknown
289995173,2025-08-19 04:35:58.406821,1516066152321948416,-1,0.0,0.0,0.0,0.0,0.0,0.0,0.0,0,0.0,0.0,0.0,0.0,0.0,0.0,0.0,0,Entire rental unit,Entire home/apt,3.0,1.0,2.0,1100.0,Unknown
524768366,2025-08-19 04:52:37.834166,1259877021625073152,303,0.0,0.0,0.0,0.0,0.0,0.0,-0.4588,1,0.0,0.0,0.0,0.0,0.0,0.0,0.0,0,Entire condo,Entire home/apt,2.0,1.0,1.0,1200.0,Amager Vest
289995173,2025-08-19 04:59:45.406821,916661911615220480,418,0.03404,0.10077499999999999,0.525,0.24867999999999996,0.0,0.0,0.5852999999999999,5,0.0,0.0,0.0,0.0,0.0,0.0,0.0,0,Entire rental unit,Entire home/apt,10.0,2.0,1.0,3158.0,Unknown
465270162,2025-08-19 06:06:06.639653,13698821,-1,0.0,0.0,0.0,0.0,0.0,0.0,0.0,0,0.0,0.0,0.0,0.0,0.0,0.0,0.0,0,Entire rental unit,Unknown,2.0,1.0,1.0,1200.0,Unknown
27225127,2025-08-19 11:22:46.875053,889163368630879488,37,0.0,0.0,0.0,0.0,0.0,0.0,0.0,1,0.0,0.0,0.0,0.0,0.0,0.0,0.0,1,Entire rental unit,Entire home/apt,4.0,1.0,2.0,1200.0,sterbro
27225127,2025-08-19 12:29:56.875053,1065315505459318784,-1,0.0,0.0,0.0,0.0,0.0,0.0,0.0,0,0.0,0.0,0.0,0.0,0.0,0.0,0.0,0,Unknown,Unknown,3.0,1.0,2.0,1200.0,Nrrebro
711804074,2025-08-19 12:53:51.647542,1294107216727890432,-1,0.0,0.0,0.0,0.0,0.0,0.0,0.0,0,0.0,0.0,0.0,0.0,0.0,0.0,0.0,0,Entire rental unit,Entire home/apt,2.0,1.0,1.0,1300.0,sterbro
711804074,2025-08-19 13:44:11.647542,868678062597944704,-1,0.0,0.0,0.0,0.0,0.0,0.0,0.0,0,0.0,0.0,0.0,0.0,0.0,0.0,0.0,0,Entire rental unit,Entire home/apt,2.0,1.0,1.0,1200.0,Vesterbro-Kongens Enghave
711804074,2025-08-19 14:19:52.647542,51127816,-1,0.0,0.0,0.0,0.0,0.0,0.0,0.0,0,0.0,0.0,0.0,0.0,0.0,0.0,0.0,0,Entire condo,Entire home/apt,4.0,1.0,1.0,1200.0,sterbro
204006781,2025-08-19 16:47:07.044719,47440531,780,0.0,0.4215,0.0,0.0,0.0,0.0,0.8225,1,0.0,0.0,0.0,0.0,0.0,0.0,0.0,0,Entire condo,Entire home/apt,2.0,1.0,1.0,1200.0,Indre By
183073982,2025-08-19 17:51:16.095980,1205817439150872320,-1,0.0,0.0,0.0,0.0,0.0,0.0,0.0,0,0.0,0.0,0.0,0.0,0.0,0.0,0.0,0,Entire condo,Unknown,3.0,1.0,2.0,1200.0,Unknown
183073982,2025-08-19 18:38:05.095980,886041852240554240,80,0.29155,0.6301666666666667,0.2558,0.0,0.0,0.0,0.8480833333333333,6,0.705,0.836,0.7278,0.0,0.0,0.0,0.9568,1,Entire rental unit,Unknown,4.0,1.0,1.0,1242.0,Indre By
183073982,2025-08-19 20:22:19.095980,1335715,2210,0.32830000000000004,0.41262604166666667,0.26303750000000004,0.0,0.09265625,0.0752125,0.9369375,8,0.0,0.0,0.0,0.0,0.0,0.0,0.0,0,Entire rental unit,Unknown,4.0,1.0,2.0,760.0,Unknown
183073982,2025-08-19 20:36:55.095980,1433835463822689536,64,0.7778,0.6344,0.0,0.7778,0.0,0.0,0.941,1,0.7778,0.6344,0.0,0.7778,0.0,0.0,0.941,1,Private room in rental unit,Private room,1.0,1.0,1.0,610.0,Indre By
183073982,2025-08-19 21:45:31.095980,21208680,-1,0.0,0.0,0.0,0.0,0.0,0.0,0.0,0,0.0,0.0,0.0,0.0,0.0,0.0,0.0,0,Entire rental unit,Entire home/apt,2.0,1.0,1.0,1200.0,Nrrebro
204006781,2025-08-19 22:02:17.044719,46944452,14,0.0,-0.2997,0.0,0.0,0.0,0.0,-0.34645,2,0.0,-0.2997,0.0,0.0,0.0,0.0,-0.34645,2,Entire condo,Entire home/apt,2.0,1.0,1.0,1028.0,Nrrebro
183073982,2025-08-19 22:19:26.095980,1218165461985309696,34,0.0,0.0,0.0,0.0,0.0,0.0,0.0,1,0.0,0.0,0.0,0.0,0.0,0.0,0.0,1,Entire condo,Entire home/apt,6.0,1.0,3.0,2012.0,Vanlse
204006781,2025-08-19 23:31:10.044719,1061369495709364608,-1,0.0,0.0,0.0,0.0,0.0,0.0,0.0,0,0.0,0.0,0.0,0.0,0.0,0.0,0.0,0,Entire rental unit,Entire home/apt,3.0,1.0,1.0,1200.0,Nrrebro
183073982,2025-08-20 00:10:56.095980,1282486374265822464,85,0.0,0.5267,0.11315,0.0,0.0,0.26335,0.6486,1,0.0,0.5267,0.11315,0.0,0.0,0.26335,0.6486,1,Entire rental unit,Entire home/apt,3.0,1.0,1.0,112670.0,Indre By
204006781,2025-08-20 00:24:51.044719,8026545,368,0.0,0.1304125,0.39454999999999996,0.085,0.37722500000000003,0.249525,0.925575,4,0.0,0.0,0.0,0.0,0.0,0.0,0.0,0,Other,Entire home/apt,3.0,1.0,1.0,1200.0,sterbro
36542482,2025-08-20 01:19:16.831442,597733639717913216,639,0.0,0.0,0.44035,0.0,0.44035,0.0,0.44415,2,0.0,0.0,0.0,0.0,0.0,0.0,0.0,0,Entire condo,Entire home/apt,4.0,1.0,2.0,1200.0,Nrrebro
36542482,2025-08-20 01:43:40.831442,17005475,47,0.11201428571428572,0.4286285714285714,0.4568285714285714,0.1167,0.25852857142857144,0.17705714285714283,0.6618,7,0.0,0.5574,0.8169,0.8169,0.0,0.2787,0.9678,1,Entire rental unit,Unknown,2.0,1.0,1.0,1650.0,Indre By
204006781,2025-08-20 02:52:53.044719,643175170962853504,-1,0.0,0.0,0.0,0.0,0.0,0.0,0.0,0,0.0,0.0,0.0,0.0,0.0,0.0,0.0,0,Entire condo,Unknown,2.0,1.0,1.0,3000.0,Indre By
204006781,2025-08-20 02:58:25.044719,32103933,2201,0.4019,0.0,0.0,0.0,0.0,0.0,0.9361,1,0.0,0.0,0.0,0.0,0.0,0.0,0.0,0,Entire rental unit,Entire home/apt,10.0,4.0,4.0,6732.0,Indre By
36542482,2025-08-20 03:05:38.831442,1304448432492015360,152,0.0,0.0,0.0,0.0,0.0,0.0,0.7184,1,0.0,0.0,0.0,0.0,0.0,0.0,0.0,0,Entire condo,Entire home/apt,3.0,1.0,1.0,810.0,Nrrebro
300472281,2025-08-20 04:24:17.073348,5983958,760,0.0,0.16423333333333334,0.0,0.27253333333333335,0.0,0.24213333333333334,0.14303333333333332,3,0.0,0.0,0.0,0.0,0.0,0.0,0.0,0,Entire rental unit,Entire home/apt,6.0,1.0,1.0,1284.0,Amager Vest
115618831,2025-08-20 11:16:26.591136,883928100298836096,689,-0.4927,0.5834,0.0,0.34,0.0,0.0,0.7845,1,0.0,0.0,0.0,0.0,0.0,0.0,0.0,0,Entire rental unit,Entire home/apt,3.0,1.0,1.0,930.0,Unknown
706450820,2025-08-20 11:55:28.386873,655527458818583680,816,0.0,0.0,0.0,0.0,0.0,0.0,-0.4888,2,0.0,0.0,0.0,0.0,0.0,0.0,0.0,0,Entire condo,Unknown,2.0,1.0,1.0,1200.0,Frederiksberg
115618831,2025-08-20 12:15:19.591136,939170140169902080,-1,0.0,0.0,0.0,0.0,0.0,0.0,0.0,0,0.0,0.0,0.0,0.0,0.0,0.0,0.0,0,Unknown,Private room,2.0,1.0,1.0,457.0,sterbro
706450820,2025-08-20 13:47:17.386873,1327659543957250304,-1,0.0,0.0,0.0,0.0,0.0,0.0,0.0,0,0.0,0.0,0.0,0.0,0.0,0.0,0.0,0,Entire condo,Entire home/apt,2.0,1.0,1.0,600.0,Vesterbro-Kongens Enghave
406834431,2025-08-20 14:21:45.158967,53339546,-1,0.0,0.0,0.0,0.0,0.0,0.0,0.0,0,0.0,0.0,0.0,0.0,0.0,0.0,0.0,0,Entire rental unit,Entire home/apt,4.0,1.0,1.0,1200.0,Vesterbro-Kongens Enghave
406834431,2025-08-20 15:04:14.158967,1445798239791975680,-1,0.0,0.0,0.0,0.0,0.0,0.0,0.0,0,0.0,0.0,0.0,0.0,0.0,0.0,0.0,0,Entire rental unit,Unknown,3.0,1.0,1.0,796.0,Unknown
706450820,2025-08-20 15:23:20.386873,859950935451914880,430,0.0,0.0,0.0,0.0,0.24733333333333332,0.0,-0.4009666666666667,3,0.0,0.0,0.0,0.0,0.0,0.0,0.0,0,Unknown,Entire home/apt,2.0,1.0,1.0,1200.0,Nrrebro
115618831,2025-08-20 15:48:12.591136,971651111600938112,-1,0.0,0.0,0.0,0.0,0.0,0.0,0.0,0,0.0,0.0,0.0,0.0,0.0,0.0,0.0,0,Entire rental unit,Unknown,4.0,1.0,2.0,1200.0,Vanlse
584470326,2025-08-20 23:45:37.712624,1254211738493741824,-1,0.0,0.0,0.0,0.0,0.0,0.0,0.0,0,0.0,0.0,0.0,0.0,0.0,0.0,0.0,0,Unknown,Private room,2.0,1.0,1.0,1200.0,Unknown
584470326,2025-08-20 23:50:02.712624,1518187268745866752,-1,0.0,0.0,0.0,0.0,0.0,0.0,0.0,0,0.0,0.0,0.0,0.0,0.0,0.0,0.0,0,Entire rental unit,Entire home/apt,2.0,1.0,1.0,904.0,Nrrebro
584470326,2025-08-21 01:14:10.712624,1115773116144342784,-1,0.0,0.0,0.0,0.0,0.0,0.0,0.0,0,0.0,0.0,0.0,0.0,0.0,0.0,0.0,0,Unknown,Entire home/apt,4.0,1.0,2.0,900.0,sterbro
584470326,2025-08-21 01:57:51.712624,1163558945589934336,-1,0.0,0.0,0.0,0.0,0.0,0.0,0.0,0,0.0,0.0,0.0,0.0,0.0,0.0,0.0,0,Entire rental unit,Entire home/apt,3.0,1.0,1.0,1200.0,Unknown
584470326,2025-08-21 02:36:21.712624,650494525892446720,1109,0.0,0.9393,0.9393,0.0,0.0,0.0,0.9422,1,0.0,0.0,0.0,0.0,0.0,0.0,0.0,0,Entire condo,Unknown,3.0,1.0,1.0,1200.0,Bispebjerg
584470326,2025-08-21 08:10:36.712624,5689602,19,0.31698499999999996,0.29202,0.32078666666666666,0.08900999999999999,0.02732,0.08020000000000001,0.68528,10,0.0,0.5719,0.5719,0.5719,0.0,0.0,0.98,1,Entire rental unit,Entire home/apt,3.0,1.0,2.0,1200.0,Indre By
558848637,2025-08-21 12:08:28.359285,815081696644134784,-1,0.0,0.0,0.0,0.0,0.0,0.0,0.0,0,0.0,0.0,0.0,0.0,0.0,0.0,0.0,0,Entire condo,Entire home/apt,3.0,1.0,2.0,1200.0,Amager Vest
558848637,2025-08-21 12:39:58.359285,1445028005360039936,-1,0.0,0.0,0.0,0.0,0.0,0.0,0.0,0,0.0,0.0,0.0,0.0,0.0,0.0,0.0,0,Unknown,Entire home/apt,2.0,1.0,1.0,786.0,sterbro
558848637,2025-08-21 12:39:58.359285,16809364,34,0.0,0.16737272727272726,0.2726909090909091,0.0,0.0,0.0,0.461390909090909,11,0.0,0.0,0.0,0.0,0.0,0.0,0.7184,1,Private room in rental unit,Private room,1.0,1.0,1.0,957.0,Amager Vest
419296403,2025-08-21 12:43:21.610923,49035534,-1,0.0,0.0,0.0,0.0,0.0,0.0,0.0,0,0.0,0.0,0.0,0.0,0.0,0.0,0.0,0,Entire rental unit,Unknown,2.0,1.0,1.0,1200.0,Valby
419296403,2025-08-21 13:24:52.610923,1135417478927989248,26,0.0,0.0,0.0,0.0,0.0,0.0,0.0,1,0.0,0.0,0.0,0.0,0.0,0.0,0.0,1,Entire rental unit,Entire home/apt,6.0,1.0,3.0,2500.0,Nrrebro
419296403,2025-08-21 14:06:36.610923,607676142522925824,-1,0.0,0.0,0.0,0.0,0.0,0.0,0.0,0,0.0,0.0,0.0,0.0,0.0,0.0,0.0,0,Entire rental unit,Entire home/apt,4.0,2.0,3.0,2805.0,Vesterbro-Kongens Enghave
419296403,2025-08-21 16:01:13.610923,606504608494894080,-1,0.0,0.0,0.0,0.0,0.0,0.0,0.0,0,0.0,0.0,0.0,0.0,0.0,0.0,0.0,0,Private room in condo,Private room,1.0,1.0,1.0,265.0,Amager Vest
97435608,2025-08-21 16:24:23.453746,1459173596970208512,-1,0.0,0.0,0.0,0.0,0.0,0.0,0.0,0,0.0,0.0,0.0,0.0,0.0,0.0,0.0,0,Entire rental unit,Entire home/apt,3.0,1.0,1.0,1200.0,sterbro
97435608,2025-08-21 17:48:42.453746,1348588085152255744,-1,0.0,0.0,0.0,0.0,0.0,0.0,0.0,0,0.0,0.0,0.0,0.0,0.0,0.0,0.0,0,Unknown,Entire home/apt,6.0,1.0,3.0,1200.0,Indre By
25389772,2025-08-21 23:23:34.220027,35285644,229,0.24476666666666666,0.4445666666666666,0.0,0.0,0.1998,0.1998,0.37000000000000005,3,0.0,0.0,0.0,0.0,0.0,0.0,0.0,0,Entire rental unit,Entire home/apt,3.0,1.0,1.0,1200.0,Unknown
25389772,2025-08-21 23:51:15.220027,642598278653045248,-1,0.0,0.0,0.0,0.0,0.0,0.0,0.0,0,0.0,0.0,0.0,0.0,0.0,0.0,0.0,0,Unknown,Entire home/apt,2.0,1.0,1.0,1200.0,Nrrebro
25389772,2025-08-22 02:40:59.220027,825871700767130368,-1,0.0,0.0,0.0,0.0,0.0,0.0,0.0,0,0.0,0.0,0.0,0.0,0.0,0.0,0.0,0,Entire rental unit,Entire home/apt,3.0,1.0,1.0,1200.0,Vesterbro-Kongens Enghave
155421124,2025-08-22 04:04:54.055461,16819148,1351,0.2079,0.475525,0.567825,0.22555,0.16215,0.147825,0.9556749999999999,4,0.0,0.0,0.0,0.0,0.0,0.0,0.0,0,Other,Entire home/apt,2.0,1.0,1.0,851.0,Unknown
25389772,2025-08-22 06:35:05.220027,1487619603413698560,-1,0.0,0.0,0.0,0.0,0.0,0.0,0.0,0,0.0,0.0,0.0,0.0,0.0,0.0,0.0,0,Entire rental unit,Unknown,3.0,1.0,1.0,1170.0,Indre By
209085261,2025-08-22 09:49:28.329355,628924731143263488,886,0.0,0.9201,0.0,0.0,0.0,0.0,0.9571,1,0.0,0.0,0.0,0.0,0.0,0.0,0.0,0,Entire rental unit,Entire home/apt,2.0,1.0,1.0,1200.0,sterbro
209085261,2025-08-22 10:00:38.329355,835151019439573376,26,0.6095,0.302,0.4797666666666667,0.31836666666666663,0.31836666666666663,0.27996666666666664,0.32993333333333336,3,0.906,0.906,0.8399,0.0,0.0,0.8399,0.9731,1,Unknown,Entire home/apt,4.0,1.0,1.0,1200.0,Unknown
209085261,2025-08-22 10:42:26.329355,1434039659018143488,-1,0.0,0.0,0.0,0.0,0.0,0.0,0.0,0,0.0,0.0,0.0,0.0,0.0,0.0,0.0,0,Entire rental unit,Entire home/apt,4.0,1.0,2.0,1408.0,Unknown
209085261,2025-08-22 11:48:11.329355,38056612,2161,0.0,0.0,0.0,0.0,0.0,0.0,0.7645,1,0.0,0.0,0.0,0.0,0.0,0.0,0.0,0,Entire rental unit,Entire home/apt,4.0,1.0,2.0,1200.0,Vesterbro-Kongens Enghave
209085261,2025-08-22 13:55:43.329355,1402141758914791424,-1,0.0,0.0,0.0,0.0,0.0,0.0,0.0,0,0.0,0.0,0.0,0.0,0.0,0.0,0.0,0,Entire rental unit,Entire home/apt,4.0,1.0,2.0,1638.0,Unknown
209085261,2025-08-22 15:05:03.329355,6341571,-1,0.0,0.0,0.0,0.0,0.0,0.0,0.0,0,0.0,0.0,0.0,0.0,0.0,0.0,0.0,0,Entire rental unit,Entire home/apt,6.0,1.0,3.0,1200.0,Nrrebro
86809554,2025-08-22 16:56:41.516624,46427913,186,0.1988625,0.19874375,0.3605875,0.20629999999999998,0.19835625,0.0,0.6610875,8,0.0,0.0,0.0,0.0,0.0,0.0,0.0,0,Entire rental unit,Entire home/apt,2.0,1.0,1.0,995.0,Unknown
74553302,2025-08-22 17:41:44.042533,1387818509788892416,-1,0.0,0.0,0.0,0.0,0.0,0.0,0.0,0,0.0,0.0,0.0,0.0,0.0,0.0,0.0,0,Entire rental unit,Entire home/apt,2.0,1.0,1.0,2019.0,Unknown
86809554,2025-08-22 17:47:26.516624,933986927550220416,3,0.12375000000000001,0.24496666666666667,0.2629333333333333,0.0,0.0,0.12375000000000001,0.40854999999999997,6,0.0,0.0,0.0,0.0,0.0,0.0,0.318,2,Entire rental unit,Unknown,2.0,1.0,1.0,1120.0,Indre By
389263867,2025-08-22 19:37:51.336888,42310310,-1,0.0,0.0,0.0,0.0,0.0,0.0,0.0,0,0.0,0.0,0.0,0.0,0.0,0.0,0.0,0,Entire home,Entire home/apt,9.0,2.0,1.0,1200.0,Amager Vest
389263867,2025-08-22 20:31:09.336888,628888,395,0.10615833333333334,0.24587083333333334,0.06950833333333332,0.11917499999999999,0.07266666666666667,0.14001944444444445,0.5824166666666667,12,0.0,0.0,0.0,0.0,0.0,0.0,0.0,0,Unknown,Unknown,1.0,1.0,1.0,1200.0,Vesterbro-Kongens Enghave
86809554,2025-08-22 21:56:26.516624,1333537135280427776,14,0.0,0.0,0.4882,0.0,0.0,0.0,0.94745,2,0.0,0.0,0.9764,0.0,0.0,0.0,0.9927,1,Private room in rental unit,Unknown,1.0,1.0,1.0,600.0,Indre By
389263867,2025-08-22 21:59:31.336888,1130475605575566464,-1,0.0,0.0,0.0,0.0,0.0,0.0,0.0,0,0.0,0.0,0.0,0.0,0.0,0.0,0.0,0,Unknown,Entire home/apt,4.0,1.0,1.0,1200.0,Nrrebro
389263867,2025-08-22 23:41:41.336888,1068878024199680128,-1,0.0,0.0,0.0,0.0,0.0,0.0,0.0,0,0.0,0.0,0.0,0.0,0.0,0.0,0.0,0,Entire rental unit,Unknown,2.0,1.0,1.0,750.0,Nrrebro
302361526,2025-08-23 00:56:07.075082,39863230,763,0.0,0.2243333333333333,0.2585,0.0,0.0,0.26353333333333334,0.33113333333333334,3,0.0,0.0,0.0,0.0,0.0,0.0,0.0,0,Entire condo,Unknown,6.0,1.0,1.0,1200.0,Vesterbro-Kongens Enghave
689681245,2025-08-23 01:43:37.162032,700720165647647104,869,0.0,0.0,0.0,0.0,0.0,0.0,0.0,1,0.0,0.0,0.0,0.0,0.0,0.0,0.0,0,Entire condo,Entire home/apt,3.0,1.0,2.0,1200.0,Nrrebro
689681245,2025-08-23 02:27:22.162032,1181053399206387200,400,0.0,0.7765,0.6361,0.6361,0.0,0.0,0.9755,1,0.0,0.0,0.0,0.0,0.0,0.0,0.0,0,Other,Entire home/apt,2.0,1.0,1.0,1200.0,Amager st
302361526,2025-08-23 03:53:09.075082,1354209511071775744,-1,0.0,0.0,0.0,0.0,0.0,0.0,0.0,0,0.0,0.0,0.0,0.0,0.0,0.0,0.0,0,Entire rental unit,Entire home/apt,2.0,1.0,1.0,799.0,Bispebjerg
597170284,2025-08-23 04:08:06.450498,51218764,-1,0.0,0.0,0.0,0.0,0.0,0.0,0.0,0,0.0,0.0,0.0,0.0,0.0,0.0,0.0,0,Entire condo,Entire home/apt,3.0,1.0,1.0,1200.0,Unknown
689681245,2025-08-23 04:16:28.162032,928898353333313920,643,0.0,0.8762,0.879,0.8762,0.8762,0.88595,0.9879,1,0.0,0.0,0.0,0.0,0.0,0.0,0.0,0,Entire condo,Entire home/apt,4.0,1.0,1.0,1080.0,Vesterbro-Kongens Enghave
689681245,2025-08-23 05:02:21.162032,13669539,43,0.0,0.3285621212121212,0.2584818181818182,0.0,0.0,0.08152272727272726,0.7525363636363637,11,0.0,0.22691666666666666,0.3433,0.0,0.0,0.308375,0.96835,2,Entire rental unit,Entire home/apt,4.0,2.5,2.0,4152.0,Indre By
302361526,2025-08-23 06:22:56.075082,771528296897762432,386,0.0,0.0,0.0,0.0,0.0,0.0,-0.5423,1,0.0,0.0,0.0,0.0,0.0,0.0,0.0,0,Entire rental unit,Entire home/apt,3.0,1.0,1.0,1200.0,Amager st
597170284,2025-08-23 07:48:19.450498,1414317556523433216,-1,0.0,0.0,0.0,0.0,0.0,0.0,0.0,0,0.0,0.0,0.0,0.0,0.0,0.0,0.0,0,Entire rental unit,Unknown,4.0,1.0,2.0,1200.0,Amager Vest
597170284,2025-08-23 10:08:32.450498,1165062892534408448,-1,0.0,0.0,0.0,0.0,0.0,0.0,0.0,0,0.0,0.0,0.0,0.0,0.0,0.0,0.0,0,Unknown,Entire home/apt,3.0,1.0,1.0,1080.0,Vesterbro-Kongens Enghave
597170284,2025-08-23 10:36:19.450498,957716517952423424,-1,0.0,0.0,0.0,0.0,0.0,0.0,0.0,0,0.0,0.0,0.0,0.0,0.0,0.0,0.0,0,Unknown,Entire home/apt,4.0,1.0,2.0,1200.0,Indre By
597170284,2025-08-23 11:48:53.450498,2275416,2940,0.13396666666666665,-0.06583333333333335,0.2083,0.0,0.0,0.0,0.2816,3,0.0,0.0,0.0,0.0,0.0,0.0,0.0,0,Other,Unknown,1.0,1.0,1.0,1200.0,Amager Vest
261778182,2025-08-24 01:47:46.352483,13834903,58,0.0,0.0,0.0,0.0,0.0,0.0,0.4939,1,0.0,0.0,0.0,0.0,0.0,0.0,0.4939,1,Entire rental unit,Entire home/apt,3.0,1.0,2.0,1200.0,Nrrebro
261778182,2025-08-24 02:21:33.352483,1169398097846068992,114,0.0,0.2564,0.0,0.0,0.3243,0.39249999999999996,0.4955,2,0.0,0.0,0.0,0.0,0.0,0.0,0.0,0,Unknown,Entire home/apt,4.0,1.0,1.0,1025.0,Amager st
244733704,2025-08-24 02:35:52.134208,1454937,378,0.26266666666666666,0.30215,0.28006666666666663,0.0,0.0,0.0,0.6434333333333333,3,0.0,0.0,0.0,0.0,0.0,0.0,0.0,0,Entire townhouse,Entire home/apt,3.0,2.0,1.0,4068.0,Indre By
261778182,2025-08-24 03:09:04.352483,1515166358568027392,-1,0.0,0.0,0.0,0.0,0.0,0.0,0.0,0,0.0,0.0,0.0,0.0,0.0,0.0,0.0,0,Unknown,Entire home/apt,2.0,1.0,1.0,1520.0,sterbro
261778182,2025-08-24 04:04:43.352483,911413648031048704,-1,0.0,0.0,0.0,0.0,0.0,0.0,0.0,0,0.0,0.0,0.0,0.0,0.0,0.0,0.0,0,Entire rental unit,Entire home/apt,4.0,1.0,2.0,1080.0,Nrrebro
244733704,2025-08-24 04:18:33.134208,1400668053153156864,-1,0.0,0.0,0.0,0.0,0.0,0.0,0.0,0,0.0,0.0,0.0,0.0,0.0,0.0,0.0,0,Unknown,Entire home/apt,6.0,1.0,3.0,1370.0,Vanlse
261778182,2025-08-24 04:37:45.352483,1174694496261285632,384,0.6697,0.6249,0.50485,0.0,0.34,0.6697,0.9514,1,0.0,0.0,0.0,0.0,0.0,0.0,0.0,0,Unknown,Unknown,3.0,1.0,1.0,1750.0,Vesterbro-Kongens Enghave
261778182,2025-08-24 05:05:39.352483,900032760429411072,49,0.0,0.0,0.0,0.0,0.0,0.0,0.0,1,0.0,0.0,0.0,0.0,0.0,0.0,0.0,1,Entire rental unit,Unknown,3.0,1.0,1.0,1810.0,Indre By
261778182,2025-08-24 05:17:30.352483,39263296,23,0.18043333333333333,0.5713,0.4329,0.2886,0.2906666666666667,0.2768,0.9297,3,0.5413,0.8658,0.5413,0.8658,0.872,0.0,0.9861,1,Entire rental unit,Entire home/apt,4.0,1.0,1.0,1200.0,Frederiksberg
261778182,2025-08-24 05:22:21.352483,852033581445747200,-1,0.0,0.0,0.0,0.0,0.0,0.0,0.0,0,0.0,0.0,0.0,0.0,0.0,0.0,0.0,0,Entire home,Entire home/apt,5.0,1.0,3.0,3200.0,Unknown
53479632,2025-08-24 06:10:19.493732,1388460895702079744,-1,0.0,0.0,0.0,0.0,0.0,0.0,0.0,0,0.0,0.0,0.0,0.0,0.0,0.0,0.0,0,Entire rental unit,Entire home/apt,2.0,1.0,1.0,812.0,Bispebjerg
53479632,2025-08-24 06:28:49.493732,34452929,517,0.11258333333333333,0.43306249999999996,0.14375833333333332,0.0,0.0793875,0.053075000000000004,0.6758416666666666,12,0.0,0.0,0.0,0.0,0.0,0.0,0.0,0,Other,Unknown,3.0,1.0,2.0,1200.0,Amager st
244733704,2025-08-24 07:30:29.134208,1230888535473277184,-1,0.0,0.0,0.0,0.0,0.0,0.0,0.0,0,0.0,0.0,0.0,0.0,0.0,0.0,0.0,0,Entire rental unit,Entire home/apt,2.0,1.0,1.0,1200.0,Bispebjerg
54048475,2025-08-24 12:48:08.773076,1082594343740048896,445,0.0,0.1404999999999999,0.0,0.0,0.0,0.0,0.7845,1,0.0,0.0,0.0,0.0,0.0,0.0,0.0,0,Private room in rental unit,Private room,2.0,1.0,1.0,1200.0,Indre By
54048475,2025-08-24 13:20:52.773076,1288227999473745920,112,0.0,0.0,0.0,0.0,0.0,0.0,-0.9508,1,0.0,0.0,0.0,0.0,0.0,0.0,0.0,0,Entire home,Entire home/apt,2.0,1.0,1.0,1200.0,Amager Vest
104429867,2025-08-24 13:39:06.226782,1179606811324656384,-1,0.0,0.0,0.0,0.0,0.0,0.0,0.0,0,0.0,0.0,0.0,0.0,0.0,0.0,0.0,0,Entire condo,Entire home/apt,3.0,1.0,1.0,1200.0,Amager st
54048475,2025-08-24 13:57:41.773076,1440080443394833920,-1,0.0,0.0,0.0,0.0,0.0,0.0,0.0,0,0.0,0.0,0.0,0.0,0.0,0.0,0.0,0,Unknown,Entire home/apt,2.0,1.0,1.0,939.0,Frederiksberg
475018546,2025-08-24 14:47:19.968194,749129913842849792,-1,0.0,0.0,0.0,0.0,0.0,0.0,0.0,0,0.0,0.0,0.0,0.0,0.0,0.0,0.0,0,Entire rental unit,Entire home/apt,2.0,1.0,1.0,1200.0,Vesterbro-Kongens Enghave
104429867,2025-08-24 14:58:59.226782,25931519,-1,0.0,0.0,0.0,0.0,0.0,0.0,0.0,0,0.0,0.0,0.0,0.0,0.0,0.0,0.0,0,Entire townhouse,Entire home/apt,4.0,1.0,1.0,1200.0,Vesterbro-Kongens Enghave
240603585,2025-08-24 15:23:57.715732,37386221,1451,0.167625,0.19755,0.19435,0.0,0.0,0.0,0.617225,4,0.0,0.0,0.0,0.0,0.0,0.0,0.0,0,Entire condo,Entire home/apt,2.0,1.0,1.0,1200.0,Vesterbro-Kongens Enghave
475018546,2025-08-24 15:36:26.968194,16009150,1022,0.156915,0.38791133333333333,0.207895,0.008808,0.048226,0.082143,0.66513,50,0.0,0.0,0.0,0.0,0.0,0.0,0.0,0,Entire rental unit,Entire home/apt,2.0,1.0,1.0,1200.0,Indre By
240603585,2025-08-24 15:50:02.715732,737453204440056960,357,0.0,0.23026666666666665,0.0,0.0,0.0,0.0,0.23026666666666665,3,0.0,0.0,0.0,0.0,0.0,0.0,0.0,0,Entire condo,Entire home/apt,4.0,1.0,1.0,900.0,Valby
104429867,2025-08-24 15:53:46.226782,972549194735196288,65,0.7425,0.6124,0.7178,0.0,0.0,0.0,0.9621,1,0.7425,0.6124,0.7178,0.0,0.0,0.0,0.9621,1,Entire rental unit,Entire home/apt,2.0,1.0,1.0,1200.0,Vesterbro-Kongens Enghave
475018546,2025-08-24 16:20:34.968194,888998360166704128,175,0.7842,0.836,0.4754,0.0,0.1607,0.0,0.9713,1,0.0,0.0,0.0,0.0,0.0,0.0,0.0,0,Entire rental unit,Entire home/apt,2.0,1.0,1.0,1200.0,Unknown
104429867,2025-08-24 16:47:51.226782,1389542,2061,-0.11513333333333332,0.16078148148148147,0.16463333333333333,0.0734,0.0,0.0,0.8196333333333333,3,0.0,0.0,0.0,0.0,0.0,0.0,0.0,0,Entire condo,Entire home/apt,3.0,1.0,3.0,1105.0,Nrrebro
240603585,2025-08-24 16:56:50.715732,6181515,14,0.12426315789473683,0.26372526315789474,0.18315263157894737,0.02681578947368421,0.010647368421052633,0.06473684210526316,0.606178947368421,19,0.0,0.0,0.41785,0.0,0.0,0.0,0.4815,2,Unknown,Entire home/apt,4.0,1.0,2.0,1629.0,sterbro
475018546,2025-08-24 17:22:55.968194,1458517983923086080,18,0.0,-0.5994,0.0,0.0,0.0,0.0,-0.8316,1,0.0,-0.5994,0.0,0.0,0.0,0.0,-0.8316,1,Entire rental unit,Entire home/apt,4.0,1.0,1.0,928.0,Vesterbro-Kongens Enghave
240603585,2025-08-24 19:00:10.715732,13078790,-1,0.0,0.0,0.0,0.0,0.0,0.0,0.0,0,0.0,0.0,0.0,0.0,0.0,0.0,0.0,0,Entire home,Entire home/apt,6.0,2.0,4.0,1200.0,Valby
104429867,2025-08-24 19:14:49.226782,1021507994749612800,629,0.0,0.60605,0.0,0.0,0.0,0.0,0.9342,1,0.0,0.0,0.0,0.0,0.0,0.0,0.0,0,Entire rental unit,Entire home/apt,3.0,1.0,1.0,1200.0,Unknown
537795182,2025-08-24 19:59:34.397319,1453606135016967680,-1,0.0,0.0,0.0,0.0,0.0,0.0,0.0,0,0.0,0.0,0.0,0.0,0.0,0.0,0.0,0,Entire rental unit,Entire home/apt,2.0,1.0,1.0,900.0,Amager Vest
240603585,2025-08-24 20:26:13.715732,24781388,2092,0.44245,0.28595,0.31245,0.0,0.0,0.28595,0.8513999999999999,2,0.0,0.0,0.0,0.0,0.0,0.0,0.0,0,Entire rental unit,Unknown,2.0,1.0,1.0,724.0,Amager Vest
475018546,2025-08-24 20:34:03.968194,1036165621014975232,-1,0.0,0.0,0.0,0.0,0.0,0.0,0.0,0,0.0,0.0,0.0,0.0,0.0,0.0,0.0,0,Entire rental unit,Entire home/apt,3.0,1.0,1.0,1200.0,Unknown
475018546,2025-08-24 21:27:12.968194,26616735,-1,0.0,0.0,0.0,0.0,0.0,0.0,0.0,0,0.0,0.0,0.0,0.0,0.0,0.0,0.0,0,Entire condo,Unknown,3.0,1.0,2.0,1200.0,Valby
240603585,2025-08-24 21:43:18.715732,20242067,2211,0.0,0.5267,0.4754,0.0,0.5267,0.0,0.9228,1,0.0,0.0,0.0,0.0,0.0,0.0,0.0,0,Entire rental unit,Unknown,2.0,1.0,1.0,1200.0,Indre By
104429867,2025-08-24 21:45:32.226782,1001348725747270016,-1,0.0,0.0,0.0,0.0,0.0,0.0,0.0,0,0.0,0.0,0.0,0.0,0.0,0.0,0.0,0,Entire rental unit,Entire home/apt,3.0,1.0,1.0,794.0,Bispebjerg
104429867,2025-08-24 22:00:58.226782,1192547435547141120,-1,0.0,0.0,0.0,0.0,0.0,0.0,0.0,0,0.0,0.0,0.0,0.0,0.0,0.0,0.0,0,Entire rental unit,Entire home/apt,3.0,1.0,1.0,866.0,Vanlse
240603585,2025-08-24 22:35:56.715732,680716563822111360,1070,0.0,0.0,0.0,0.0,0.0,0.0,0.5994,1,0.0,0.0,0.0,0.0,0.0,0.0,0.0,0,Entire condo,Entire home/apt,3.0,1.0,2.0,1260.0,sterbro
537795182,2025-08-24 22:56:56.397319,594154229950590976,-1,0.0,0.0,0.0,0.0,0.0,0.0,0.0,0,0.0,0.0,0.0,0.0,0.0,0.0,0.0,0,Entire condo,Entire home/apt,3.0,1.0,1.0,1200.0,Vesterbro-Kongens Enghave
475018546,2025-08-24 23:26:45.968194,1350745104189612288,-1,0.0,0.0,0.0,0.0,0.0,0.0,0.0,0,0.0,0.0,0.0,0.0,0.0,0.0,0.0,0,Entire rental unit,Entire home/apt,2.0,1.0,1.0,952.0,Nrrebro
537795182,2025-08-25 00:16:22.397319,16066118,64,0.09204615384615383,0.3823576923076923,0.1912230769230769,0.08517692307692307,-0.03028846153846154,0.24766923076923078,0.4988230769230769,13,0.0,0.8885,0.0,0.0,0.0,0.0,0.9476,1,Entire condo,Entire home/apt,3.0,1.0,1.0,1200.0,Vesterbro-Kongens Enghave
61082713,2025-08-25 00:35:13.868801,751166364868782080,971,0.0,0.0,0.7506,0.0,0.8718,0.7902,0.9906,1,0.0,0.0,0.0,0.0,0.0,0.0,0.0,0,Entire condo,Entire home/apt,6.0,1.0,3.0,1200.0,Unknown
466874708,2025-08-25 01:10:15.495967,1164923752199525632,129,0.0,0.0,0.0,0.0,0.0,0.0,0.0,1,0.0,0.0,0.0,0.0,0.0,0.0,0.0,0,Entire condo,Unknown,5.0,1.0,3.0,1200.0,Nrrebro
466874708,2025-08-25 01:25:33.495967,638308669299187712,1103,0.0,0.71,0.0,0.0,0.0,0.0,0.7686,2,0.0,0.0,0.0,0.0,0.0,0.0,0.0,0,Entire condo,Entire home/apt,3.0,1.0,1.0,1200.0,Nrrebro
466874708,2025-08-25 01:46:58.495967,44568277,1737,0.4088,0.4283,0.7988249999999999,0.84945,0.3243,0.41125,0.97465,2,0.0,0.0,0.0,0.0,0.0,0.0,0.0,0,Entire rental unit,Entire home/apt,4.0,1.0,2.0,1600.0,Vesterbro-Kongens Enghave
61082713,2025-08-25 02:30:15.868801,763473985963877376,995,0.0,0.0,0.0,0.0,0.0,0.0,0.0,1,0.0,0.0,0.0,0.0,0.0,0.0,0.0,0,Entire rental unit,Entire home/apt,3.0,1.0,1.0,1200.0,Vanlse
466874708,2025-08-25 02:47:51.495967,859836110975712640,156,0.0,0.7579,0.8737,0.7579,0.0,0.0,0.9473,1,0.0,0.0,0.0,0.0,0.0,0.0,0.0,0,Entire rental unit,Entire home/apt,2.0,1.0,1.0,1200.0,Frederiksberg
466874708,2025-08-25 03:15:05.495967,929423654288782976,-1,0.0,0.0,0.0,0.0,0.0,0.0,0.0,0,0.0,0.0,0.0,0.0,0.0,0.0,0.0,0,Entire rental unit,Entire home/apt,3.0,1.0,1.0,1200.0,Unknown
466874708,2025-08-25 03:41:00.495967,52484401,-1,0.0,0.0,0.0,0.0,0.0,0.0,0.0,0,0.0,0.0,0.0,0.0,0.0,0.0,0.0,0,Entire condo,Entire home/apt,2.0,1.0,1.0,1345.0,Vesterbro-Kongens Enghave
61082713,2025-08-25 04:20:57.868801,1043556847209273088,240,0.0,0.0,0.0,0.0,0.0,0.2787,0.66275,2,0.0,0.0,0.0,0.0,0.0,0.0,0.0,0,Entire rental unit,Entire home/apt,4.0,1.0,2.0,1200.0,sterbro
61082713,2025-08-25 04:29:20.868801,1396148565423718144,85,0.0,0.0,0.0,0.0,0.0,0.0,0.0,1,0.0,0.0,0.0,0.0,0.0,0.0,0.0,1,Entire rental unit,Entire home/apt,2.0,1.0,1.0,1200.0,Indre By
405540816,2025-08-25 04:45:57.952821,1075241675394664576,46,0.0,-0.296,0.8104,0.6908,0.7684,0.0,0.9867,1,0.0,-0.296,0.8104,0.6908,0.7684,0.0,0.9867,1,Entire condo,Unknown,3.0,1.0,1.0,990.0,Indre By
405540816,2025-08-25 05:50:33.952821,1350745104189612288,-1,0.0,0.0,0.0,0.0,0.0,0.0,0.0,0,0.0,0.0,0.0,0.0,0.0,0.0,0.0,0,Entire rental unit,Entire home/apt,2.0,1.0,1.0,952.0,Nrrebro
405540816,2025-08-25 06:06:42.952821,26511926,67,0.0,0.2083,0.23229999999999998,0.0,0.0,0.23229999999999998,0.5864333333333334,3,0.0,0.0,0.0,0.0,0.0,0.0,0.8799,1,Entire condo,Entire home/apt,2.0,1.0,1.0,1699.0,Vesterbro-Kongens Enghave
405540816,2025-08-25 06:52:35.952821,527702,135,0.022327777777777776,0.4540115740740741,0.4954222222222222,0.015266666666666666,0.0,0.09458333333333334,0.8916277777777777,18,0.0,0.0,0.0,0.0,0.0,0.0,0.0,0,Other,Entire home/apt,3.0,1.0,1.0,1567.0,Indre By
466874708,2025-08-25 07:09:01.495967,3092219,687,0.0,0.533,0.0903,0.0,0.224475,0.0,0.68215,4,0.0,0.0,0.0,0.0,0.0,0.0,0.0,0,Entire townhouse,Entire home/apt,5.0,1.5,4.0,1200.0,Indre By
180946908,2025-08-25 16:31:52.367878,615761726120406912,-1,0.0,0.0,0.0,0.0,0.0,0.0,0.0,0,0.0,0.0,0.0,0.0,0.0,0.0,0.0,0,Entire condo,Entire home/apt,3.0,1.0,1.0,1200.0,Amager Vest
180946908,2025-08-25 16:31:52.367878,53999861,56,0.0572,0.44077500000000003,0.2330833333333333,0.1634875,0.0,0.0,0.7829625,8,0.0,0.7269,0.0,0.0,0.0,0.0,0.9134,1,Entire condo,Entire home/apt,2.0,1.0,1.0,1492.0,Indre By
375313259,2025-08-25 18:42:52.216563,23495332,46,0.07569212121212121,0.17765795454545455,0.21642045454545455,0.02846590909090909,0.07445681818181818,0.047220454545454545,0.6061431818181818,44,0.43935,0.3889,0.7518,0.0,0.0,0.0,0.9152,2,Entire condo,Entire home/apt,2.0,1.0,1.0,731.0,Unknown
375313259,2025-08-25 19:55:21.216563,19962579,7,0.0,0.0605,0.3889,0.0,0.0,0.0,0.9326,2,0.0,0.0605,0.3889,0.0,0.0,0.0,0.9326,2,Entire rental unit,Entire home/apt,3.0,1.0,1.0,1987.0,sterbro
375313259,2025-08-25 22:10:23.216563,900026073511821440,-1,0.0,0.0,0.0,0.0,0.0,0.0,0.0,0,0.0,0.0,0.0,0.0,0.0,0.0,0.0,0,Entire rental unit,Unknown,2.0,1.0,1.0,1200.0,Bispebjerg
375313259,2025-08-25 22:47:36.216563,2561943,515,0.0,0.0,0.0,0.0,0.0,0.0,-0.7579,1,0.0,0.0,0.0,0.0,0.0,0.0,0.0,0,Entire rental unit,Entire home/apt,3.0,1.0,2.0,1200.0,Brnshj-Husum
390928507,2025-08-25 23:05:33.500387,1492865275819136512,-1,0.0,0.0,0.0,0.0,0.0,0.0,0.0,0,0.0,0.0,0.0,0.0,0.0,0.0,0.0,0,Entire rental unit,Unknown,2.0,1.0,1.0,2600.0,Unknown
390928507,2025-08-25 23:49:14.500387,1010724548153466112,658,0.0,0.0,0.0,0.0,0.0,0.0,0.9118,1,0.0,0.0,0.0,0.0,0.0,0.0,0.0,0,Unknown,Entire home/apt,4.0,1.0,2.0,1200.0,Vesterbro-Kongens Enghave
390928507,2025-08-26 00:15:16.500387,584437881515498496,-1,0.0,0.0,0.0,0.0,0.0,0.0,0.0,0,0.0,0.0,0.0,0.0,0.0,0.0,0.0,0,Entire condo,Unknown,4.0,2.0,1.0,1663.0,Vesterbro-Kongens Enghave
390928507,2025-08-26 00:46:20.500387,53159895,86,0.0,0.0,0.0,0.0,0.0,0.0,0.0,2,0.0,0.0,0.0,0.0,0.0,0.0,0.0,1,Other,Entire home/apt,6.0,1.0,3.0,1200.0,Unknown
375313259,2025-08-26 00:49:59.216563,670011413310431872,16,0.0,0.3904,0.0,0.0,0.0,0.32285,0.78305,2,0.0,0.7808,0.0,0.0,0.0,0.6457,0.9667,1,Entire condo,Entire home/apt,3.0,1.0,2.0,1200.0,Unknown
390928507,2025-08-26 01:15:21.500387,613602816637414528,989,0.4129,0.337725,0.10115,0.0,0.0,0.0,0.90945,2,0.0,0.0,0.0,0.0,0.0,0.0,0.0,0,Entire condo,Entire home/apt,2.0,1.0,1.0,1200.0,sterbro
8248399,2025-08-26 02:36:29.290093,1099003409729297152,91,0.39205,0.28595,0.17,0.0,0.0,0.0,0.042100000000000026,2,0.0,0.0,0.0,0.0,0.0,0.0,-0.855,1,Entire condo,Entire home/apt,2.0,1.0,1.0,1410.0,Amager Vest
8248399,2025-08-26 04:21:17.290093,7600107,-1,0.0,0.0,0.0,0.0,0.0,0.0,0.0,0,0.0,0.0,0.0,0.0,0.0,0.0,0.0,0,Entire rental unit,Entire home/apt,2.0,1.0,1.0,1200.0,Frederiksberg
8248399,2025-08-26 05:48:39.290093,905430836673150720,781,0.0,0.6978500000000001,0.0,0.0,0.7684,0.0,0.9978,1,0.0,0.0,0.0,0.0,0.0,0.0,0.0,0,Entire rental unit,Entire home/apt,2.0,1.0,1.0,1200.0,Frederiksberg
8248399,2025-08-26 05:56:51.290093,1082594343740048896,447,0.0,0.1404999999999999,0.0,0.0,0.0,0.0,0.7845,1,0.0,0.0,0.0,0.0,0.0,0.0,0.0,0,Private room in rental unit,Private room,2.0,1.0,1.0,1200.0,Indre By
88317190,2025-08-26 08:36:43.045893,1466575228787240192,-1,0.0,0.0,0.0,0.0,0.0,0.0,0.0,0,0.0,0.0,0.0,0.0,0.0,0.0,0.0,0,Private room in rental unit,Private room,2.0,1.0,1.0,1200.0,Unknown
214009531,2025-08-26 09:01:46.452414,38020341,733,0.0,0.17942499999999997,0.6854999999999999,0.2548333333333333,0.44776666666666665,0.0,0.9039999999999999,3,0.0,0.0,0.0,0.0,0.0,0.0,0.0,0,Entire rental unit,Entire home/apt,2.0,1.0,1.0,1200.0,sterbro
88317190,2025-08-26 10:42:53.045893,38056612,2165,0.0,0.0,0.0,0.0,0.0,0.0,0.7645,1,0.0,0.0,0.0,0.0,0.0,0.0,0.0,0,Entire rental unit,Entire home/apt,4.0,1.0,2.0,1200.0,Vesterbro-Kongens Enghave
83596532,2025-08-26 11:40:37.591549,5558650,107,0.0,0.0,0.0,0.0,0.0,0.0,0.4738,1,0.0,0.0,0.0,0.0,0.0,0.0,0.0,0,Entire rental unit,Entire home/apt,5.0,1.0,2.0,1200.0,Amager Vest
710318177,2025-08-26 12:48:58.782989,1162053722194961664,-1,0.0,0.0,0.0,0.0,0.0,0.0,0.0,0,0.0,0.0,0.0,0.0,0.0,0.0,0.0,0,Other,Unknown,2.0,1.0,1.0,10000.0,Nrrebro
56762686,2025-08-26 12:50:16.994342,40499292,80,0.200275,0.24139722222222224,0.13503333333333334,0.0,0.04323888888888889,0.11323888888888889,0.5277888888888889,18,0.4522,0.0,0.0,0.0,0.0,0.0,0.4522,1,Entire rental unit,Unknown,3.0,1.0,1.0,1200.0,Unknown
88317190,2025-08-26 12:57:01.045893,26093247,368,0.0,0.16804,0.31128,0.0,0.0,0.0,0.60648,5,0.0,0.0,0.0,0.0,0.0,0.0,0.0,0,Entire condo,Entire home/apt,4.0,1.0,2.0,1804.0,sterbro
56762686,2025-08-26 13:12:59.994342,22613545,-1,0.0,0.0,0.0,0.0,0.0,0.0,0.0,0,0.0,0.0,0.0,0.0,0.0,0.0,0.0,0,Entire rental unit,Unknown,2.0,1.0,1.0,1200.0,Indre By
689936182,2025-08-26 13:13:11.627035,925024421683052928,773,0.34168750000000003,0.747675,0.1514625,0.0,0.0,0.0,0.8674999999999999,4,0.0,0.0,0.0,0.0,0.0,0.0,0.0,0,Entire rental unit,Entire home/apt,2.0,1.0,1.0,1035.0,Vesterbro-Kongens Enghave
689936182,2025-08-26 13:36:44.627035,41094641,339,0.606625,0.3930541666666666,0.681,0.0,0.0,0.0,0.9844999999999999,2,0.0,0.0,0.0,0.0,0.0,0.0,0.0,0,Entire rental unit,Entire home/apt,3.0,1.0,1.0,1200.0,Nrrebro
710318177,2025-08-26 13:37:06.782989,135777,-1,0.0,0.0,0.0,0.0,0.0,0.0,0.0,0,0.0,0.0,0.0,0.0,0.0,0.0,0.0,0,Entire rental unit,Entire home/apt,3.0,1.0,1.0,1200.0,Unknown
710318177,2025-08-26 14:30:33.782989,32129695,2277,0.0,0.4215,0.0,0.0,0.0,0.0,0.9761,1,0.0,0.0,0.0,0.0,0.0,0.0,0.0,0,Entire rental unit,Unknown,2.0,1.0,1.0,1200.0,Unknown
88317190,2025-08-26 14:33:44.045893,1414705846626097408,3,0.0,0.0,0.0,0.0,0.0,0.0,-0.6808,1,0.0,0.0,0.0,0.0,0.0,0.0,-0.6808,1,Entire home,Unknown,5.0,1.0,2.0,1200.0,Amager st
710318177,2025-08-26 15:26:50.782989,29253635,748,0.0,0.0,0.0,0.0,0.0,0.0,0.09783333333333333,3,0.0,0.0,0.0,0.0,0.0,0.0,0.0,0,Entire rental unit,Entire home/apt,4.0,1.0,2.0,1200.0,Frederiksberg
689936182,2025-08-26 15:42:00.627035,644206572891201792,2,0.1144,0.416875,0.5192,0.0,0.2107,0.127975,0.95035,4,0.4576,0.1998,0.8508,0.0,0.0,0.0,0.9448,1,Unknown,Entire home/apt,5.0,1.0,2.0,1955.0,Indre By
710318177,2025-08-26 16:07:58.782989,1228372374837850624,38,0.0,0.43125,0.31245,0.0,0.0,0.42595,0.010000000000000009,2,0.0,0.8625,0.6249,0.0,0.0,0.8519,0.9831,1,Entire townhouse,Entire home/apt,6.0,1.5,3.0,2138.0,Amager Vest
689936182,2025-08-26 16:18:12.627035,1406394477778829312,-1,0.0,0.0,0.0,0.0,0.0,0.0,0.0,0,0.0,0.0,0.0,0.0,0.0,0.0,0.0,0,Entire home,Entire home/apt,3.0,1.5,2.0,2250.0,Unknown
689936182,2025-08-26 17:25:14.627035,19139469,84,0.0,0.60695,0.8611,0.0,0.0,0.8662,0.97035,2,0.0,0.4088,0.8074,0.0,0.0,0.8176,0.9668,1,Unknown,Private room,2.0,1.0,1.0,322.0,Unknown
710318177,2025-08-26 17:49:16.782989,37182790,31,0.03372708333333333,0.29474652777777777,0.15474583333333333,0.03777291666666666,0.09783958333333333,0.11809166666666666,0.39677500000000004,24,0.055025000000000004,0.1568625,0.156225,0.0,-0.013562500000000005,0.0301,0.589425,4,Entire rental unit,Entire home/apt,6.0,1.0,1.0,1669.0,Unknown
689936182,2025-08-26 18:00:20.627035,51298955,-1,0.0,0.0,0.0,0.0,0.0,0.0,0.0,0,0.0,0.0,0.0,0.0,0.0,0.0,0.0,0,Unknown,Entire home/apt,4.0,1.0,2.0,1200.0,Nrrebro
710318177,2025-08-26 18:23:47.782989,866583393105320320,6,0.25975,0.5682777777777778,0.5114833333333334,0.0,0.0,0.09531666666666666,0.81385,6,0.7935,0.8542666666666667,0.9186,0.0,0.0,0.0,0.9977,1,Entire condo,Entire home/apt,2.0,1.0,1.0,1850.0,Indre By
689936182,2025-08-26 18:34:38.627035,941199718817288576,671,0.0,0.15846666666666667,0.0,0.0,0.0,0.12040000000000001,0.6099,3,0.0,0.0,0.0,0.0,0.0,0.0,0.0,0,Unknown,Entire home/apt,2.0,1.0,1.0,1200.0,sterbro
689936182,2025-08-26 19:08:04.627035,1418853792589895936,-1,0.0,0.0,0.0,0.0,0.0,0.0,0.0,0,0.0,0.0,0.0,0.0,0.0,0.0,0.0,0,Entire rental unit,Entire home/apt,3.0,1.0,1.0,630.0,Bispebjerg
56762686,2025-08-26 19:26:59.994342,52952895,-1,0.0,0.0,0.0,0.0,0.0,0.0,0.0,0,0.0,0.0,0.0,0.0,0.0,0.0,0.0,0,Unknown,Entire home/apt,2.0,1.0,1.0,1200.0,Amager Vest
5101135,2025-08-26 22:10:05.008939,40469742,451,0.0,0.0,0.0,0.0,0.0,0.0,-0.7565,2,0.0,0.0,0.0,0.0,0.0,0.0,0.0,0,Entire rental unit,Entire home/apt,3.0,1.0,1.0,1200.0,Nrrebro
138610661,2025-08-27 01:01:08.609226,748652844373108096,-1,0.0,0.0,0.0,0.0,0.0,0.0,0.0,0,0.0,0.0,0.0,0.0,0.0,0.0,0.0,0,Unknown,Entire home/apt,3.0,1.0,1.0,945.0,Vesterbro-Kongens Enghave
138610661,2025-08-27 03:45:54.609226,6518188,53,0.19155,0.19821833333333336,0.0,0.0,0.032638888888888884,0.0,0.8573,6,0.7089,0.6249,0.0,0.0,0.0,0.0,0.953,1,Entire rental unit,Entire home/apt,2.0,1.0,1.0,1493.0,Indre By
138610661,2025-08-27 03:58:14.609226,689675034755868928,339,0.0,0.0,0.0,0.0,0.0,0.0,0.4754,1,0.0,0.0,0.0,0.0,0.0,0.0,0.0,0,Unknown,Entire home/apt,2.0,1.0,1.0,1200.0,Vesterbro-Kongens Enghave
138610661,2025-08-27 04:40:04.609226,1453714914240876032,-1,0.0,0.0,0.0,0.0,0.0,0.0,0.0,0,0.0,0.0,0.0,0.0,0.0,0.0,0.0,0,Entire condo,Entire home/apt,3.0,1.0,3.0,1200.0,Amager st
561457359,2025-08-27 06:45:27.809550,50772072,1143,0.13396666666666665,0.1589,0.0,0.0,0.0,0.14038333333333333,0.49709999999999993,3,0.0,0.0,0.0,0.0,0.0,0.0,0.0,0,Entire condo,Entire home/apt,3.0,1.0,1.0,1200.0,Unknown
561457359,2025-08-27 06:46:04.809550,26823515,682,0.0,0.2202,0.57265,0.1806,0.3243,0.0,0.8559,2,0.0,0.0,0.0,0.0,0.0,0.0,0.0,0,Entire rental unit,Entire home/apt,2.0,1.0,1.0,1200.0,Unknown
138610661,2025-08-27 07:09:47.609226,1468772427106434560,9,0.0,0.0,0.0,0.0,0.0,0.0,0.0,2,0.0,0.0,0.0,0.0,0.0,0.0,0.0,2,Private room in rental unit,Unknown,3.0,1.0,1.0,405.0,Bispebjerg
138610661,2025-08-27 07:46:42.609226,981131755772007168,-1,0.0,0.0,0.0,0.0,0.0,0.0,0.0,0,0.0,0.0,0.0,0.0,0.0,0.0,0.0,0,Entire rental unit,Entire home/apt,3.0,1.0,1.0,1200.0,Unknown
561457359,2025-08-27 08:18:14.809550,19783212,-1,0.0,0.0,0.0,0.0,0.0,0.0,0.0,0,0.0,0.0,0.0,0.0,0.0,0.0,0.0,0,Private room in rental unit,Private room,2.0,1.0,1.0,855.0,sterbro
138610661,2025-08-27 08:50:15.609226,647631262315060736,-1,0.0,0.0,0.0,0.0,0.0,0.0,0.0,0,0.0,0.0,0.0,0.0,0.0,0.0,0.0,0,Entire condo,Unknown,3.0,1.0,1.0,1200.0,Unknown
561457359,2025-08-27 09:00:56.809550,668598255766412544,380,0.2235,0.5006333333333334,0.26353333333333334,0.0,0.0,0.2235,0.8092,3,0.0,0.0,0.0,0.0,0.0,0.0,0.0,0,Unknown,Entire home/apt,3.0,1.0,1.0,1200.0,Nrrebro
718634013,2025-08-27 09:17:43.788381,1448599490249949696,-1,0.0,0.0,0.0,0.0,0.0,0.0,0.0,0,0.0,0.0,0.0,0.0,0.0,0.0,0.0,0,Unknown,Entire home/apt,2.0,1.0,1.0,1200.0,Amager st
138610661,2025-08-27 09:47:30.609226,1148430191764905216,94,0.0,0.0,0.0,0.0,0.0,0.0,0.8481,1,0.0,0.0,0.0,0.0,0.0,0.0,0.0,0,Entire condo,Unknown,2.0,1.0,1.0,1200.0,Vesterbro-Kongens Enghave
138610661,2025-08-27 10:39:39.609226,1242563206371107840,-1,0.0,0.0,0.0,0.0,0.0,0.0,0.0,0,0.0,0.0,0.0,0.0,0.0,0.0,0.0,0,Entire rental unit,Entire home/apt,2.0,1.0,1.0,749.0,Nrrebro
718634013,2025-08-27 10:53:21.788381,1446348886143769344,-1,0.0,0.0,0.0,0.0,0.0,0.0,0.0,0,0.0,0.0,0.0,0.0,0.0,0.0,0.0,0,Entire rental unit,Entire home/apt,5.0,1.0,1.0,1200.0,Nrrebro
718634013,2025-08-27 11:20:25.788381,1480559932004673792,-1,0.0,0.0,0.0,0.0,0.0,0.0,0.0,0,0.0,0.0,0.0,0.0,0.0,0.0,0.0,0,Unknown,Entire home/apt,4.0,1.0,2.0,2752.0,Nrrebro
138610661,2025-08-27 11:44:35.609226,1199037388719552768,357,0.0,0.8016,0.0,0.0,0.0,0.8522,0.9764,1,0.0,0.0,0.0,0.0,0.0,0.0,0.0,0,Entire condo,Entire home/apt,2.0,1.0,1.0,990.0,sterbro
8546707,2025-08-28 08:00:08.622797,9026406,2942,0.0,0.0,0.6139,0.0,0.0,0.1366,0.9124,2,0.0,0.0,0.0,0.0,0.0,0.0,0.0,0,Entire condo,Entire home/apt,2.0,1.0,1.0,1200.0,Amager st
8546707,2025-08-28 08:33:06.622797,674232402947877504,81,0.0,0.47155,0.0,0.0,0.0,0.31245,0.9077500000000001,2,0.0,0.3182,0.0,0.0,0.0,0.0,0.894,1,Unknown,Entire home/apt,4.0,1.0,2.0,1262.0,Nrrebro
29158089,2025-08-28 12:16:08.630224,1157730884824276224,67,0.0,0.0,0.0,0.0,0.0,0.0,0.0,2,0.0,0.0,0.0,0.0,0.0,0.0,0.0,1,Entire rental unit,Unknown,3.0,1.0,2.0,3150.0,Frederiksberg
29158089,2025-08-28 13:16:23.630224,1075967800051530752,-1,0.0,0.0,0.0,0.0,0.0,0.0,0.0,0,0.0,0.0,0.0,0.0,0.0,0.0,0.0,0,Unknown,Entire home/apt,4.0,1.0,2.0,2030.0,Amager st
29158089,2025-08-28 14:12:18.630224,559944,95,0.0740923076923077,0.27813076923076924,0.25897692307692305,0.06186153846153846,0.10651538461538462,0.06411282051282051,0.7703615384615384,13,0.0,0.0,0.0,0.0,0.0,0.0,0.0,0,Entire condo,Entire home/apt,4.0,1.0,1.0,855.0,Vesterbro-Kongens Enghave
43716625,2025-08-28 15:42:56.505115,1503041332486929408,-1,0.0,0.0,0.0,0.0,0.0,0.0,0.0,0,0.0,0.0,0.0,0.0,0.0,0.0,0.0,0,Unknown,Entire home/apt,3.0,1.0,1.0,1645.0,sterbro
29158089,2025-08-28 15:49:39.630224,35472704,394,0.0,0.0,0.0,0.0,0.0,0.0,-0.9485,1,0.0,0.0,0.0,0.0,0.0,0.0,0.0,0,Unknown,Entire home/apt,4.0,1.0,1.0,800.0,Vesterbro-Kongens Enghave
206099962,2025-08-28 16:28:23.164317,1471492046385015552,-1,0.0,0.0,0.0,0.0,0.0,0.0,0.0,0,0.0,0.0,0.0,0.0,0.0,0.0,0.0,0,Entire rental unit,Entire home/apt,3.0,1.0,1.0,1826.0,Nrrebro
29158089,2025-08-28 16:49:12.630224,34827486,19,0.2394666666666667,0.39692222222222223,0.15309999999999999,0.0,0.0,0.5051666666666667,0.6586666666666666,3,0.0,0.5658666666666666,0.0,0.0,0.0,0.8906,0.9928,1,Entire rental unit,Entire home/apt,3.0,1.0,2.0,1200.0,Nrrebro
529477335,2025-08-28 17:14:16.053562,817950663043006720,795,0.0,0.2288,0.0,0.0,0.0,0.0,0.9765,1,0.0,0.0,0.0,0.0,0.0,0.0,0.0,0,Entire rental unit,Entire home/apt,2.0,1.0,1.0,1200.0,Vesterbro-Kongens Enghave
43716625,2025-08-28 17:17:01.505115,1424746476885255424,17,0.0,0.6492,0.0,0.699,0.0,0.0,0.9913,1,0.0,0.6492,0.0,0.699,0.0,0.0,0.9913,1,Entire rental unit,Entire home/apt,2.0,1.0,1.0,1125.0,Nrrebro
206099962,2025-08-28 17:24:30.164317,1125333428872796544,427,0.8625,0.6782,0.0,0.0,0.0,0.0,0.9238,1,0.0,0.0,0.0,0.0,0.0,0.0,0.0,0,Private room in rental unit,Private room,2.0,1.0,1.0,1200.0,Bispebjerg
43716625,2025-08-28 17:30:49.505115,1231905539434597632,-1,0.0,0.0,0.0,0.0,0.0,0.0,0.0,0,0.0,0.0,0.0,0.0,0.0,0.0,0.0,0,Unknown,Unknown,2.0,1.0,1.0,800.0,Unknown
89645054,2025-08-28 17:39:47.596398,1232378331056786688,32,0.0,0.2916,0.254,0.0,0.0,0.0,-0.00039999999999999297,3,0.0,0.4374,0.381,0.0,0.0,0.0,0.4763,2,Unknown,Entire home/apt,8.0,1.0,4.0,1200.0,Indre By
29158089,2025-08-28 18:24:27.630224,43942596,1117,0.0,0.35005,0.4631,0.0,0.2937,0.0,0.7954666666666667,3,0.0,0.0,0.0,0.0,0.0,0.0,0.0,0,Entire rental unit,Entire home/apt,3.0,1.0,1.0,1200.0,Amager Vest
529477335,2025-08-28 18:31:50.053562,739552818859238784,384,0.0,0.16605,0.0,0.0,0.16605,0.0,-0.13365000000000002,2,0.0,0.0,0.0,0.0,0.0,0.0,0.0,0,Entire condo,Entire home/apt,2.0,1.0,1.0,927.0,Unknown
173328610,2025-08-28 18:53:06.767938,11704901,642,0.0,0.24025000000000002,0.17143750000000002,0.0,0.0,0.205625,0.870725,4,0.0,0.0,0.0,0.0,0.0,0.0,0.0,0,Entire townhouse,Entire home/apt,3.0,1.5,1.0,2615.0,Indre By
29158089,2025-08-28 18:53:49.630224,566492033229506944,50,0.17144285714285715,0.2729642857142857,0.18647142857142857,0.0,0.039028571428571426,0.3004857142857143,0.7463142857142857,7,0.37125,0.5243249999999999,-0.148,0.0,0.0,0.752,0.8448,2,Entire rental unit,Entire home/apt,2.0,1.0,1.0,1643.0,Indre By
89645054,2025-08-28 19:28:21.596398,1263328212223385088,-1,0.0,0.0,0.0,0.0,0.0,0.0,0.0,0,0.0,0.0,0.0,0.0,0.0,0.0,0.0,0,Private room in rental unit,Private room,1.0,1.0,1.0,1200.0,Vesterbro-Kongens Enghave
529477335,2025-08-28 19:30:18.053562,1342625114981843456,116,0.0,0.0,0.0,0.0,0.0,0.0,0.0,1,0.0,0.0,0.0,0.0,0.0,0.0,0.0,0,Entire rental unit,Entire home/apt,4.0,1.0,1.0,878.0,Amager st
29158089,2025-08-28 19:44:23.630224,942112021084388480,36,0.0,0.3977166666666667,0.13176666666666667,0.14615,0.0,0.0,0.4143833333333333,6,0.0,0.8934500000000001,0.3953,0.43845,0.0,0.0,0.97575,2,Unknown,Entire home/apt,3.0,1.0,1.0,1012.0,Vesterbro-Kongens Enghave
529477335,2025-08-28 20:15:33.053562,868022807947818240,801,0.4596,0.6249,0.0,0.0,0.0,0.0,0.8462,1,0.0,0.0,0.0,0.0,0.0,0.0,0.0,0,Entire rental unit,Entire home/apt,3.0,1.0,1.0,1200.0,Frederiksberg
529477335,2025-08-28 21:22:09.053562,14315501,-1,0.0,0.0,0.0,0.0,0.0,0.0,0.0,0,0.0,0.0,0.0,0.0,0.0,0.0,0.0,0,Entire rental unit,Entire home/apt,3.0,1.0,1.0,743.0,Amager st
89645054,2025-08-28 21:32:44.596398,659025194424543488,-1,0.0,0.0,0.0,0.0,0.0,0.0,0.0,0,0.0,0.0,0.0,0.0,0.0,0.0,0.0,0,Unknown,Entire home/apt,4.0,1.0,2.0,1200.0,Unknown
89645054,2025-08-28 22:05:26.596398,1409248419323571968,-1,0.0,0.0,0.0,0.0,0.0,0.0,0.0,0,0.0,0.0,0.0,0.0,0.0,0.0,0.0,0,Entire rental unit,Entire home/apt,4.0,1.0,1.0,1879.0,Valby
89645054,2025-08-28 22:48:09.596398,933196921493835392,-1,0.0,0.0,0.0,0.0,0.0,0.0,0.0,0,0.0,0.0,0.0,0.0,0.0,0.0,0.0,0,Entire rental unit,Entire home/apt,7.0,1.0,1.0,1629.0,Vesterbro-Kongens Enghave
89645054,2025-08-29 00:32:31.596398,36589031,613,0.0,0.0,0.0,0.0,0.0,0.0,0.5411,1,0.0,0.0,0.0,0.0,0.0,0.0,0.0,0,Entire rental unit,Entire home/apt,2.0,1.0,1.0,1200.0,Indre By
89645054,2025-08-29 02:12:14.596398,1421847157200787968,11,0.0,0.0,0.0,0.0,0.0,0.0,0.0,1,0.0,0.0,0.0,0.0,0.0,0.0,0.0,1,Unknown,Entire home/apt,3.0,1.0,2.0,1872.0,Frederiksberg
89645054,2025-08-29 02:34:31.596398,36791712,781,0.0,0.31845,0.0,0.0,0.0,0.30575,0.4539,2,0.0,0.0,0.0,0.0,0.0,0.0,0.0,0,Unknown,Private room,4.0,0.0,1.0,2332.0,Indre By
89645054,2025-08-29 02:57:44.596398,944250003166845696,-1,0.0,0.0,0.0,0.0,0.0,0.0,0.0,0,0.0,0.0,0.0,0.0,0.0,0.0,0.0,0,Entire rental unit,Entire home/apt,3.0,1.0,2.0,1200.0,Unknown
89645054,2025-08-29 03:50:10.596398,876532181861313024,275,0.0,0.209,0.2377,0.0,0.159225,0.0,0.34914999999999996,4,0.0,0.0,0.0,0.0,0.0,0.0,0.0,0,Unknown,Entire home/apt,4.0,1.0,1.0,1200.0,Frederiksberg
399674622,2025-08-29 08:15:44.767458,15367846,-1,0.0,0.0,0.0,0.0,0.0,0.0,0.0,0,0.0,0.0,0.0,0.0,0.0,0.0,0.0,0,Entire condo,Entire home/apt,5.0,1.5,2.0,1809.0,Nrrebro
399674622,2025-08-29 09:16:14.767458,1294107216727890432,-1,0.0,0.0,0.0,0.0,0.0,0.0,0.0,0,0.0,0.0,0.0,0.0,0.0,0.0,0.0,0,Entire rental unit,Entire home/apt,2.0,1.0,1.0,1300.0,sterbro
399674622,2025-08-29 10:01:45.767458,643944177969550848,-1,0.0,0.0,0.0,0.0,0.0,0.0,0.0,0,0.0,0.0,0.0,0.0,0.0,0.0,0.0,0,Entire rental unit,Entire home/apt,3.0,1.0,2.0,1309.0,Nrrebro
399674622,2025-08-29 10:35:29.767458,43942596,1118,0.0,0.35005,0.4631,0.0,0.2937,0.0,0.7954666666666667,3,0.0,0.0,0.0,0.0,0.0,0.0,0.0,0,Entire rental unit,Entire home/apt,3.0,1.0,1.0,1200.0,Amager Vest
713818492,2025-08-29 23:29:31.100691,51305224,-1,0.0,0.0,0.0,0.0,0.0,0.0,0.0,0,0.0,0.0,0.0,0.0,0.0,0.0,0.0,0,Entire condo,Entire home/apt,2.0,2.0,1.0,1200.0,Vesterbro-Kongens Enghave
713818492,2025-08-30 01:08:51.100691,26823515,685,0.0,0.2202,0.57265,0.1806,0.3243,0.0,0.8559,2,0.0,0.0,0.0,0.0,0.0,0.0,0.0,0,Entire rental unit,Entire home/apt,2.0,1.0,1.0,1200.0,Unknown
713818492,2025-08-30 01:47:03.100691,933098649635447552,-1,0.0,0.0,0.0,0.0,0.0,0.0,0.0,0,0.0,0.0,0.0,0.0,0.0,0.0,0.0,0,Entire rental unit,Entire home/apt,2.0,1.0,1.0,1200.0,Bispebjerg
713818492,2025-08-30 02:38:13.100691,1105533957219750528,45,0.0,0.0,0.0,0.0,0.0,0.0,0.07055,2,0.0,0.0,0.0,0.0,0.0,0.0,0.07055,2,Unknown,Entire home/apt,2.0,1.0,1.0,1200.0,Amager Vest
6882960,2025-08-30 05:32:23.153638,9054276,29,0.15623333333333334,0.3502111111111111,0.20950000000000002,0.07928333333333333,0.05302916666666666,0.04765833333333333,0.44939166666666663,12,0.0,0.4008,0.21005,0.0,0.0,0.0,0.46545,2,Unknown,Entire home/apt,2.0,1.0,1.0,903.0,Indre By
6882960,2025-08-30 06:29:08.153638,904450350279950592,-1,0.0,0.0,0.0,0.0,0.0,0.0,0.0,0,0.0,0.0,0.0,0.0,0.0,0.0,0.0,0,Entire rental unit,Entire home/apt,2.0,1.0,1.0,1200.0,Nrrebro
6882960,2025-08-30 06:52:33.153638,54309620,-1,0.0,0.0,0.0,0.0,0.0,0.0,0.0,0,0.0,0.0,0.0,0.0,0.0,0.0,0.0,0,Entire condo,Unknown,4.0,1.0,1.0,1200.0,Unknown
6882960,2025-08-30 09:39:52.153638,650769,2188,0.10262857142857143,0.4427928571428571,0.10531428571428571,0.0,0.0,0.07230714285714286,0.8923,7,0.0,0.0,0.0,0.0,0.0,0.0,0.0,0,Entire condo,Entire home/apt,3.0,1.0,1.0,1200.0,Indre By
90260624,2025-08-31 06:30:52.414944,19059584,1012,0.0,0.0,0.0,0.0,0.0,0.0,0.8625,1,0.0,0.0,0.0,0.0,0.0,0.0,0.0,0,Entire rental unit,Entire home/apt,2.0,1.0,1.0,1200.0,Unknown
90260624,2025-08-31 06:48:42.414944,20223600,6,0.27125,0.43356875,0.56795,0.11905,0.10423750000000001,0.0,0.915525,8,0.0,0.0,0.24635,0.4762,0.0,0.0,0.734,2,Other,Private room,1.0,1.0,1.0,568.0,Unknown
90260624,2025-08-31 07:36:39.414944,3893242,788,0.31448750000000003,0.351825,0.17712499999999998,0.0,0.0252875,0.0908,0.885375,8,0.0,0.0,0.0,0.0,0.0,0.0,0.0,0,Entire rental unit,Entire home/apt,3.0,1.0,1.0,1307.0,Amager Vest
115297385,2025-08-31 14:32:56.149865,815010114057366528,-1,0.0,0.0,0.0,0.0,0.0,0.0,0.0,0,0.0,0.0,0.0,0.0,0.0,0.0,0.0,0,Unknown,Entire home/apt,3.0,1.0,1.0,1200.0,Nrrebro
115297385,2025-08-31 14:41:15.149865,3385004,1359,0.08972,0.35226166666666664,0.07269,0.0,0.15816,0.29563,0.69554,10,0.0,0.0,0.0,0.0,0.0,0.0,0.0,0,Entire condo,Entire home/apt,3.0,1.0,1.0,1200.0,Indre By
115297385,2025-08-31 18:05:29.149865,35610090,1848,0.0,0.0,0.0,0.0,0.0,0.0,0.0,1,0.0,0.0,0.0,0.0,0.0,0.0,0.0,0,Other,Unknown,7.0,2.0,1.0,1200.0,Brnshj-Husum
163332304,2025-08-31 21:52:59.308870,1413893239077829120,45,0.0,0.0,0.0,0.0,0.0,0.0,0.1511,1,0.0,0.0,0.0,0.0,0.0,0.0,0.1511,1,Entire rental unit,Entire home/apt,2.0,1.0,1.0,850.0,Unknown
163332304,2025-08-31 22:40:00.308870,1026700462788845824,388,0.0,0.0,0.0,0.0,0.0,0.0,-0.9661,1,0.0,0.0,0.0,0.0,0.0,0.0,0.0,0,Entire rental unit,Entire home/apt,2.0,1.0,1.0,1200.0,Amager Vest
163332304,2025-08-31 23:21:56.308870,1418947141549542912,-1,0.0,0.0,0.0,0.0,0.0,0.0,0.0,0,0.0,0.0,0.0,0.0,0.0,0.0,0.0,0,Entire rental unit,Unknown,4.0,1.0,1.0,950.0,Unknown
163332304,2025-08-31 23:31:48.308870,922335407905024768,-1,0.0,0.0,0.0,0.0,0.0,0.0,0.0,0,0.0,0.0,0.0,0.0,0.0,0.0,0.0,0,Entire rental unit,Unknown,2.0,1.0,1.0,1200.0,Vesterbro-Kongens Enghave
163332304,2025-09-01 01:35:16.308870,1246432099621868800,-1,0.0,0.0,0.0,0.0,0.0,0.0,0.0,0,0.0,0.0,0.0,0.0,0.0,0.0,0.0,0,Private room in rental unit,Unknown,3.0,1.0,1.0,393.0,Vesterbro-Kongens Enghave
163332304,2025-09-01 03:11:12.308870,984052764236211456,383,0.0,0.0,0.0,0.0,0.0,0.0,0.0,1,0.0,0.0,0.0,0.0,0.0,0.0,0.0,0,Entire townhouse,Entire home/apt,4.0,1.0,2.0,1200.0,Frederiksberg
163332304,2025-09-01 04:09:04.308870,1110867429492584064,-1,0.0,0.0,0.0,0.0,0.0,0.0,0.0,0,0.0,0.0,0.0,0.0,0.0,0.0,0.0,0,Entire rental unit,Entire home/apt,6.0,2.0,3.0,1800.0,Valby
6560608,2025-09-01 20:36:49.160606,16785710,-1,0.0,0.0,0.0,0.0,0.0,0.0,0.0,0,0.0,0.0,0.0,0.0,0.0,0.0,0.0,0,Private room in condo,Private room,2.0,1.0,1.0,1200.0,Amager st
6560608,2025-09-01 21:34:08.160606,632619187077160064,1127,0.0,0.9073,0.9073,0.0,0.0,0.0,0.9127,1,0.0,0.0,0.0,0.0,0.0,0.0,0.0,0,Unknown,Entire home/apt,5.0,1.0,2.0,1012.0,Unknown
6560608,2025-09-02 00:15:53.160606,1020670485833902336,-1,0.0,0.0,0.0,0.0,0.0,0.0,0.0,0,0.0,0.0,0.0,0.0,0.0,0.0,0.0,0,Entire condo,Entire home/apt,2.0,1.0,1.0,1250.0,Bispebjerg
232773991,2025-09-02 09:22:36.119939,6473693,366,0.0,0.4334,0.18043333333333333,0.09813333333333334,0.0,0.0,0.4606333333333333,3,0.0,0.0,0.0,0.0,0.0,0.0,0.0,0,Entire rental unit,Entire home/apt,2.0,1.0,1.0,1200.0,Nrrebro
232773991,2025-09-02 12:07:14.119939,39173337,135,0.0,0.7750666666666667,0.31,0.16423333333333334,0.0,0.0,0.973,3,0.0,0.0,0.0,0.0,0.0,0.0,0.0,0,Entire rental unit,Entire home/apt,2.0,1.0,1.0,1200.0,Nrrebro
232773991,2025-09-02 12:19:23.119939,1428406033303045120,-1,0.0,0.0,0.0,0.0,0.0,0.0,0.0,0,0.0,0.0,0.0,0.0,0.0,0.0,0.0,0,Other,Entire home/apt,7.0,1.0,4.0,1200.0,Frederiksberg
232773991,2025-09-02 13:27:52.119939,1206610959315684864,48,0.0,0.3612,0.0,0.0,0.0,0.3612,0.6476,1,0.0,0.3612,0.0,0.0,0.0,0.3612,0.6476,1,Unknown,Entire home/apt,5.0,1.0,2.0,1200.0,Unknown
232773991,2025-09-02 15:15:38.119939,771064470890934144,586,0.0,0.0,0.0,0.0,0.0,0.0,0.7774,1,0.0,0.0,0.0,0.0,0.0,0.0,0.0,0,Entire rental unit,Entire home/apt,2.0,1.0,1.0,720.0,sterbro
23153330,2025-09-02 17:30:48.736578,5645130,3309,0.0,-0.09683333333333334,0.0,0.0,0.0,0.22176666666666667,0.04523333333333335,3,0.0,0.0,0.0,0.0,0.0,0.0,0.0,0,Entire rental unit,Unknown,2.0,1.0,1.0,1200.0,Unknown
23153330,2025-09-02 17:59:04.736578,990228490079821696,-1,0.0,0.0,0.0,0.0,0.0,0.0,0.0,0,0.0,0.0,0.0,0.0,0.0,0.0,0.0,0,Entire rental unit,Entire home/apt,5.0,1.0,1.0,1811.0,Nrrebro
23153330,2025-09-02 19:06:26.736578,26329638,1051,0.0,0.0,0.0,0.0,0.0,0.0,0.0,1,0.0,0.0,0.0,0.0,0.0,0.0,0.0,0,Entire rental unit,Unknown,5.0,1.5,3.0,2277.0,Unknown
70754899,2025-09-02 19:29:41.453600,32835827,-1,0.0,0.0,0.0,0.0,0.0,0.0,0.0,0,0.0,0.0,0.0,0.0,0.0,0.0,0.0,0,Entire home,Unknown,5.0,1.0,1.0,1200.0,Valby
23153330,2025-09-02 19:49:48.736578,1392518379418629888,77,0.0,0.0,0.0,0.0,0.0,0.0,-0.296,1,0.0,0.0,0.0,0.0,0.0,0.0,-0.296,1,Entire rental unit,Entire home/apt,2.0,1.0,1.0,1200.0,Indre By
23153330,2025-09-02 22:22:12.736578,897573176441514368,-1,0.0,0.0,0.0,0.0,0.0,0.0,0.0,0,0.0,0.0,0.0,0.0,0.0,0.0,0.0,0,Entire home,Unknown,3.0,1.5,1.0,1200.0,Valby
23153330,2025-09-02 23:15:49.736578,26341858,82,0.0,0.32825000000000004,0.1816,0.1816,0.2005,0.0,0.46955,4,0.0,0.7717,0.0,0.0,0.802,0.0,0.9705,1,Unknown,Unknown,2.0,1.0,1.0,1200.0,Unknown
23153330,2025-09-02 23:39:31.736578,650701812245885312,290,0.4129,0.2110333333333333,0.0,0.0,0.0,0.0,0.6126499999999999,2,0.0,0.0,0.0,0.0,0.0,0.0,0.0,0,Entire condo,Entire home/apt,3.0,1.0,2.0,1200.0,Valby
23153330,2025-09-03 00:33:56.736578,11435583,-1,0.0,0.0,0.0,0.0,0.0,0.0,0.0,0,0.0,0.0,0.0,0.0,0.0,0.0,0.0,0,Entire condo,Entire home/apt,4.0,1.0,2.0,1400.0,Vesterbro-Kongens Enghave
23153330,2025-09-03 02:23:33.736578,50374438,513,0.0,0.574825,0.4035,0.33485,0.360775,0.33485,0.9641,2,0.0,0.0,0.0,0.0,0.0,0.0,0.0,0,Entire rental unit,Entire home/apt,2.0,1.0,1.0,1200.0,Nrrebro
581841047,2025-09-03 05:45:49.077638,1065315505459318784,-1,0.0,0.0,0.0,0.0,0.0,0.0,0.0,0,0.0,0.0,0.0,0.0,0.0,0.0,0.0,0,Unknown,Unknown,3.0,1.0,2.0,1200.0,Nrrebro
68802942,2025-09-03 15:29:52.860441,45448789,-1,0.0,0.0,0.0,0.0,0.0,0.0,0.0,0,0.0,0.0,0.0,0.0,0.0,0.0,0.0,0,Other,Unknown,2.0,1.5,1.0,1200.0,Amager Vest
68802942,2025-09-03 16:10:42.860441,37962821,234,0.28192222222222224,0.29923777777777777,0.0792888888888889,0.0,0.05377222222222222,0.0195074074074074,0.6004333333333334,9,0.0,0.0,0.0,0.0,0.0,0.0,0.0,0,Entire rental unit,Entire home/apt,6.0,2.0,1.0,1200.0,Indre By
90102110,2025-09-03 22:26:37.612294,1446898523776183808,-1,0.0,0.0,0.0,0.0,0.0,0.0,0.0,0,0.0,0.0,0.0,0.0,0.0,0.0,0.0,0,Entire rental unit,Entire home/apt,4.0,1.0,1.0,1200.0,Vesterbro-Kongens Enghave
90102110,2025-09-03 22:40:52.612294,25031704,904,0.0,0.0,0.0,0.0,0.0,0.0,0.34,1,0.0,0.0,0.0,0.0,0.0,0.0,0.0,0,Entire rental unit,Entire home/apt,3.0,1.0,1.0,1200.0,Unknown
90102110,2025-09-03 23:09:14.612294,954245993756076032,-1,0.0,0.0,0.0,0.0,0.0,0.0,0.0,0,0.0,0.0,0.0,0.0,0.0,0.0,0.0,0,Entire rental unit,Unknown,5.0,1.0,1.0,3600.0,Nrrebro
90102110,2025-09-04 00:15:52.612294,1518156359739797504,-1,0.0,0.0,0.0,0.0,0.0,0.0,0.0,0,0.0,0.0,0.0,0.0,0.0,0.0,0.0,0,Entire rental unit,Entire home/apt,2.0,1.0,1.0,767.0,Unknown
90102110,2025-09-04 01:41:38.612294,23224152,1215,0.0,0.8431,0.0,0.0,0.0,0.0,0.8431,1,0.0,0.0,0.0,0.0,0.0,0.0,0.0,0,Entire condo,Unknown,2.0,1.0,1.0,1200.0,Frederiksberg
661279734,2025-09-04 03:01:44.042449,19050957,396,0.07627692307692308,0.18651153846153845,0.25735384615384616,0.0,0.08761538461538462,0.0697076923076923,0.5789076923076923,13,0.0,0.0,0.0,0.0,0.0,0.0,0.0,0,Entire home,Entire home/apt,3.0,1.5,6.0,2200.0,Vanlse
661279734,2025-09-04 03:34:07.042449,1205131414652886272,-1,0.0,0.0,0.0,0.0,0.0,0.0,0.0,0,0.0,0.0,0.0,0.0,0.0,0.0,0.0,0,Entire rental unit,Entire home/apt,4.0,1.0,2.0,1200.0,Vesterbro-Kongens Enghave
661279734,2025-09-04 03:58:58.042449,3403166,-1,0.0,0.0,0.0,0.0,0.0,0.0,0.0,0,0.0,0.0,0.0,0.0,0.0,0.0,0.0,0,Entire rental unit,Entire home/apt,5.0,1.0,3.0,2364.0,sterbro
661279734,2025-09-04 06:04:02.042449,938853155635499520,-1,0.0,0.0,0.0,0.0,0.0,0.0,0.0,0,0.0,0.0,0.0,0.0,0.0,0.0,0.0,0,Entire rental unit,Entire home/apt,4.0,1.0,2.0,720.0,Nrrebro
90102110,2025-09-04 06:49:06.612294,738228200802803456,877,0.8126,0.9054,0.0,0.0,0.0,0.8126,0.9604,1,0.0,0.0,0.0,0.0,0.0,0.0,0.0,0,Unknown,Unknown,6.0,1.0,3.0,900.0,Unknown
90102110,2025-09-04 07:14:03.612294,1439859740643057664,47,0.0,0.0,0.0,0.0,0.0,0.0,-0.8316,1,0.0,0.0,0.0,0.0,0.0,0.0,-0.8316,1,Entire rental unit,Unknown,3.0,1.0,1.0,1200.0,Vanlse
90102110,2025-09-04 07:26:46.612294,1504955344655504128,-1,0.0,0.0,0.0,0.0,0.0,0.0,0.0,0,0.0,0.0,0.0,0.0,0.0,0.0,0.0,0,Entire condo,Entire home/apt,4.0,1.0,2.0,1178.0,Amager st
661279734,2025-09-04 08:36:22.042449,895440356771284224,-1,0.0,0.0,0.0,0.0,0.0,0.0,0.0,0,0.0,0.0,0.0,0.0,0.0,0.0,0.0,0,Entire home,Entire home/apt,5.0,1.5,3.0,1200.0,Unknown
67598628,2025-09-04 20:42:16.566857,50828235,741,0.371,0.0,0.0,0.0,0.0,0.0,0.9143,2,0.0,0.0,0.0,0.0,0.0,0.0,0.0,0,Entire condo,Entire home/apt,5.0,1.0,1.0,1200.0,Nrrebro
43712258,2025-09-05 05:51:34.649104,1413623725283177728,-1,0.0,0.0,0.0,0.0,0.0,0.0,0.0,0,0.0,0.0,0.0,0.0,0.0,0.0,0.0,0,Entire rental unit,Unknown,4.0,1.0,1.0,765.0,Vanlse
43712258,2025-09-05 09:46:17.649104,1428197866193081856,-1,0.0,0.0,0.0,0.0,0.0,0.0,0.0,0,0.0,0.0,0.0,0.0,0.0,0.0,0.0,0,Entire rental unit,Unknown,5.0,1.0,3.0,1200.0,Vesterbro-Kongens Enghave
37996318,2025-09-05 15:42:46.047350,597733639717913216,655,0.0,0.0,0.44035,0.0,0.44035,0.0,0.44415,2,0.0,0.0,0.0,0.0,0.0,0.0,0.0,0,Entire condo,Entire home/apt,4.0,1.0,2.0,1200.0,Nrrebro
37996318,2025-09-05 16:37:04.047350,1117450404464495616,-1,0.0,0.0,0.0,0.0,0.0,0.0,0.0,0,0.0,0.0,0.0,0.0,0.0,0.0,0.0,0,Entire condo,Entire home/apt,3.0,1.0,1.0,1100.0,Nrrebro
37996318,2025-09-05 17:05:32.047350,1146972564997032832,12,0.189475,0.212025,0.156225,0.0,0.0,0.0,0.47697500000000004,4,0.0,0.0,0.0,0.0,0.0,0.0,0.0,1,Entire rental unit,Unknown,4.0,1.0,2.0,2219.0,Indre By
37996318,2025-09-05 18:24:19.047350,14778763,33,0.19661250000000002,0.33712916666666665,0.31715625000000003,0.0636875,0.0,0.1022,0.8076625,8,0.0,0.8418,0.7645,0.0,0.0,0.0,0.9834,1,Entire condo,Entire home/apt,5.0,1.0,3.0,1200.0,Vesterbro-Kongens Enghave
37996318,2025-09-05 18:43:33.047350,1042812558168017792,36,0.0,0.35015,0.0,0.0,0.0,0.0,0.0509,2,0.0,0.35015,0.0,0.0,0.0,0.0,0.0509,2,Entire condo,Entire home/apt,2.0,1.0,1.0,884.0,Bispebjerg
37996318,2025-09-05 18:46:39.047350,13302773,3343,0.0,0.0,0.0,0.0,0.0,0.0,0.0,1,0.0,0.0,0.0,0.0,0.0,0.0,0.0,0,Entire home,Entire home/apt,3.0,1.0,4.0,1200.0,Amager st
37996318,2025-09-05 19:42:34.047350,42560475,40,0.17960344827586205,0.2845024137931034,0.1404,0.13716551724137932,0.044024137931034484,0.13203103448275863,0.7287620689655172,29,0.0,0.0,0.8481,0.0,0.0,0.0,0.8481,1,Other,Entire home/apt,2.0,1.0,1.0,1587.0,Indre By
46063129,2025-09-05 22:41:16.688129,53339546,-1,0.0,0.0,0.0,0.0,0.0,0.0,0.0,0,0.0,0.0,0.0,0.0,0.0,0.0,0.0,0,Entire rental unit,Entire home/apt,4.0,1.0,1.0,1200.0,Vesterbro-Kongens Enghave
46063129,2025-09-05 23:57:58.688129,971800897982792576,185,0.017763333333333332,0.23596333333333336,0.1147,-0.0064,0.050065000000000005,0.11635999999999999,0.47108,10,0.0,0.0,0.0,0.0,0.0,0.0,0.0,0,Entire rental unit,Entire home/apt,6.0,1.0,2.0,1200.0,Indre By
46063129,2025-09-06 03:12:17.688129,21545266,1021,0.0,0.6442,0.0,0.0,0.0,0.0,0.9222,2,0.0,0.0,0.0,0.0,0.0,0.0,0.0,0,Entire condo,Entire home/apt,2.0,1.0,1.0,1200.0,Vesterbro-Kongens Enghave
46063129,2025-09-06 05:04:17.688129,875935783504109184,-1,0.0,0.0,0.0,0.0,0.0,0.0,0.0,0,0.0,0.0,0.0,0.0,0.0,0.0,0.0,0,Entire rental unit,Entire home/apt,2.0,1.0,1.0,1200.0,sterbro
46063129,2025-09-06 06:52:12.688129,631735286197076864,-1,0.0,0.0,0.0,0.0,0.0,0.0,0.0,0,0.0,0.0,0.0,0.0,0.0,0.0,0.0,0,Entire condo,Entire home/apt,3.0,1.0,2.0,1200.0,Unknown
296811285,2025-09-08 17:46:13.875477,54016610,21,0.21295625,0.2667375,0.032543749999999996,0.0,0.03661875,0.11980625,0.5956312500000001,16,0.6808,0.0,0.6808,0.0,0.0,0.0,0.8251,1,Entire rental unit,Entire home/apt,4.0,1.0,1.0,1574.0,Indre By
296811285,2025-09-08 19:57:14.875477,941199718817288576,684,0.0,0.15846666666666667,0.0,0.0,0.0,0.12040000000000001,0.6099,3,0.0,0.0,0.0,0.0,0.0,0.0,0.0,0,Unknown,Entire home/apt,2.0,1.0,1.0,1200.0,sterbro
296811285,2025-09-08 20:20:41.875477,52782721,-1,0.0,0.0,0.0,0.0,0.0,0.0,0.0,0,0.0,0.0,0.0,0.0,0.0,0.0,0.0,0,Entire condo,Entire home/apt,3.0,1.5,1.0,1200.0,Vesterbro-Kongens Enghave
