user_id,timestamp,listing_id,booking_probability
40137464,2025-08-09 20:35:12.006548,955594135974379648,0.32963798678447026
360554333,2025-08-09 21:05:24.508420,1244147958257977344,0.33448779249092114
179697571,2025-08-09 21:25:27.516388,1397753249851294464,0.5746363374258868
360554333,2025-08-09 21:46:06.508420,1502922937698947584,0.30351334222948767
179697571,2025-08-09 22:20:52.516388,1434115704779021312,0.30875822101485134
40137464,2025-08-09 22:49:47.006548,1398421718114726912,0.2995949588406446
40137464,2025-08-09 23:21:29.006548,972373514970462464,0.3544247721125135
485359583,2025-08-09 23:44:32.522071,10645628,0.8188458387431119
360554333,2025-08-09 23:50:19.508420,1145416750460504064,0.26601088812714463
356939802,2025-08-10 01:35:39.681929,1473309231551099392,0.3368315989810345
360554333,2025-08-10 01:52:59.508420,1446518865865447680,0.2750653022965702
485359583,2025-08-10 02:02:40.522071,861440670326867968,0.28276686214101937
485359583,2025-08-10 02:29:42.522071,1017960340174459136,0.3653861141481929
40137464,2025-08-10 02:50:05.006548,8691708,0.46836527373895653
360554333,2025-08-10 03:24:42.508420,949174243614150784,0.389077070299983
485359583,2025-08-10 03:26:42.522071,957009167064720384,0.29893422563006483
356939802,2025-08-10 05:00:47.681929,885252312791797888,0.32837670006673975
356939802,2025-08-10 05:55:37.681929,4854777,0.5550693222186973
714857920,2025-08-10 12:33:23.895864,32755955,0.27033379318832546
131728164,2025-08-10 13:23:54.780406,805821948456799360,0.5585692521296449
131728164,2025-08-10 13:50:27.780406,50298071,0.40161126291398147
714857920,2025-08-10 14:15:43.895864,33951739,0.34482164101248214
714857920,2025-08-10 15:12:13.895864,1205817439150872320,0.3395562330017322
714857920,2025-08-10 15:34:14.895864,1418947141549542912,0.29428811954881906
47833480,2025-08-10 15:38:37.550281,1421847157200787968,0.34552693707727833
47833480,2025-08-10 16:17:33.550281,910573285697824384,0.38948024340403536
714857920,2025-08-10 17:14:55.895864,54180414,0.7104001042182391
714857920,2025-08-10 19:15:24.895864,774379440077690112,0.3222031770470624
714857920,2025-08-10 19:53:41.895864,5398401,0.32144260960886273
714857920,2025-08-10 21:22:04.895864,15341416,0.33389373169783404
4025182,2025-08-11 01:33:36.521292,1423975111901144064,0.5947864617718035
700010936,2025-08-11 04:00:57.216239,6680321,0.19957991602342628
700010936,2025-08-11 04:12:28.216239,1350275777183688448,0.32144260960886273
369684021,2025-08-11 04:26:36.868195,1105050564985348736,0.6855094405932336
369684021,2025-08-11 04:59:14.868195,48965523,0.3056648707010926
700010936,2025-08-11 05:11:18.216239,1135268317262242176,0.46297126668804034
369684021,2025-08-11 06:32:27.868195,26289277,0.14317580266616495
700010936,2025-08-11 07:21:10.216239,49101414,0.3658474868940227
585723344,2025-08-11 07:49:36.623401,30526269,0.24020470078760098
585723344,2025-08-11 08:17:30.623401,1209948926525367808,0.3200919193373189
700010936,2025-08-11 08:41:12.216239,916092805342145792,0.314155812479038
585723344,2025-08-11 09:39:28.623401,1435511750336905984,0.316542239449136
585723344,2025-08-11 10:51:12.623401,1457685274520582656,0.31976375631039894
585723344,2025-08-11 11:42:24.623401,25480493,0.3631289008960234
585723344,2025-08-11 12:32:59.623401,1517135500819726336,0.28088090979421265
688492391,2025-08-11 19:18:37.427842,1131791303976281600,0.6106751231869457
65182710,2025-08-11 19:23:10.986233,20445938,0.18516803246841512
688492391,2025-08-11 22:07:28.427842,1495077286086176000,0.3108415478158952
688492391,2025-08-11 22:24:10.427842,667978224985708928,0.4692358168237657
688492391,2025-08-11 22:44:00.427842,1355267058617370112,0.5698185946060945
688492391,2025-08-11 23:30:59.427842,1506444144878192640,0.3182450423081985
62211601,2025-08-11 23:44:50.360101,807254308213157376,0.41912004067148556
688492391,2025-08-12 00:12:25.427842,856540299345351808,0.31124604023155106
688492391,2025-08-12 00:29:30.427842,1160938214027261952,0.5396157743587249
62211601,2025-08-12 00:58:39.360101,36539570,0.3356531848908771
62211601,2025-08-12 01:48:00.360101,769587123019096192,0.49283536179125753
62211601,2025-08-12 01:54:50.360101,648535572162002816,0.3348889225080363
101256025,2025-08-12 04:56:07.759959,26742732,0.2090930928007925
101256025,2025-08-12 05:46:55.759959,889163368630879488,0.5619216837726202
153853500,2025-08-12 07:00:00.152291,50635066,0.3269487033868306
101256025,2025-08-12 07:18:22.759959,53999861,0.8861416681987655
153853500,2025-08-12 07:36:00.152291,928259534988913152,0.3811613025202815
153853500,2025-08-12 08:10:45.152291,1025404440369988352,0.45813492581691057
153853500,2025-08-12 09:21:54.152291,655129368761329536,0.7139146714958673
153853500,2025-08-12 10:09:22.152291,1055721775475789440,0.6924716932263043
153853500,2025-08-12 10:14:35.152291,43224854,0.21893684743595238
101256025,2025-08-12 10:39:59.759959,1190300579423011072,0.2790982530860738
101256025,2025-08-12 12:01:11.759959,1267998836238757120,0.3261694374539902
499680629,2025-08-12 12:18:02.970956,51708603,0.45621114591347983
299640937,2025-08-13 00:02:41.729132,27715507,0.6346331907778213
299640937,2025-08-13 01:07:19.729132,1511548730486176256,0.3192193399790511
198049721,2025-08-13 01:57:37.182087,1136617631223532800,0.4155099997192653
299640937,2025-08-13 02:41:18.729132,624355005320422784,0.24438852420136167
198049721,2025-08-13 02:46:41.182087,19962579,0.6578396357281987
299640937,2025-08-13 04:43:57.729132,1239567,0.3103879658875854
198049721,2025-08-13 05:04:39.182087,1013720408667481856,0.31816962190557596
198049721,2025-08-13 05:04:58.182087,1369407706263508992,0.3269487033868306
299640937,2025-08-13 05:05:05.729132,34590239,0.6432041034875333
299640937,2025-08-13 05:44:38.729132,1469651502060718080,0.33694006188876346
198049721,2025-08-13 06:37:50.182087,1414705846626097408,0.23818126356066815
198049721,2025-08-13 06:50:25.182087,26646859,0.32271817401686287
681873278,2025-08-13 13:12:42.207003,948640485660588416,0.3667770742043041
7978738,2025-08-13 13:19:07.183401,44243480,0.5803066632325372
681873278,2025-08-13 13:46:08.207003,1184655403574063360,0.3126904707893492
681873278,2025-08-13 14:09:25.207003,36035459,0.28992196564605555
469169784,2025-08-13 15:35:28.723543,663632527844167168,0.31124604023155106
7978738,2025-08-13 15:44:59.183401,708262,0.34237207771964817
53026731,2025-08-13 20:12:19.275775,713415759344330624,0.5733953364466631
53026731,2025-08-13 22:30:34.275775,1451185906920723712,0.4742332110894767
53026731,2025-08-13 22:44:18.275775,35859270,0.429402265875116
34068089,2025-08-13 23:05:46.077128,667978224985708928,0.4692358168237657
75042819,2025-08-13 23:34:29.623807,23089213,0.6545889499205786
75042819,2025-08-14 00:01:36.623807,1182923262701311488,0.5170215983077181
75042819,2025-08-14 00:12:34.623807,699774777815048576,0.35935700414281563
34068089,2025-08-14 01:38:51.077128,6689857,0.6851465992386215
75042819,2025-08-14 01:55:05.623807,1416524739177282816,0.33717576373592373
194622408,2025-08-14 02:34:41.897551,1144970733027733760,0.5139834294702338
75042819,2025-08-14 03:31:35.623807,17215903,0.4007179023516154
194622408,2025-08-14 03:52:49.897551,627410841564913152,0.37901739105950694
194622408,2025-08-14 04:23:36.897551,6326803,0.30968715514401235
194622408,2025-08-14 04:59:26.897551,35610090,0.2657882309516215
75042819,2025-08-14 05:27:07.623807,1439828203818636544,0.7574112074960737
75042819,2025-08-14 05:48:36.623807,1387601380419891200,0.31237663830015105
75042819,2025-08-14 07:57:20.623807,850568192027225344,0.33540836669332696
358445141,2025-08-14 09:19:02.953827,1344120558503374336,0.41335775365812416
358445141,2025-08-14 09:32:11.953827,49035534,0.27232553401876863
358445141,2025-08-14 10:12:56.953827,6680321,0.19957991602342628
148648748,2025-08-14 10:40:20.817553,6181515,0.8429820895455741
148648748,2025-08-14 11:21:44.817553,37245506,0.4067411040811277
148648748,2025-08-14 11:39:27.817553,733041040667070208,0.8607087281587132
148648748,2025-08-14 11:39:27.817553,1459964540970273024,0.4726278788507613
358445141,2025-08-14 11:48:15.953827,1139648694140452736,0.5025424221674326
555842231,2025-08-14 17:05:50.006055,623740680378797568,0.3256078862434758
4947784,2025-08-14 17:23:21.616905,1235354790774248192,0.494399692236615
555842231,2025-08-14 17:51:10.006055,1341391921960235008,0.32418756980763475
555842231,2025-08-14 18:47:11.006055,4193608,0.5477429274950407
4947784,2025-08-14 20:15:04.616905,1457938602388233472,0.5539663610322381
4947784,2025-08-14 20:49:14.616905,805821948456799360,0.5585692521296449
555842231,2025-08-14 21:30:08.006055,44007344,0.29228574797549883
555842231,2025-08-14 23:29:07.006055,1460051040420432128,0.29204509628510733
555842231,2025-08-14 23:29:07.006055,45436895,0.7206339476368393
101021666,2025-08-15 09:08:26.858624,805658443136642304,0.33845670337706424
263508880,2025-08-15 11:12:42.871097,1171501141430428416,0.49902314444066553
263508880,2025-08-15 12:00:17.871097,15914680,0.31403055371592264
263508880,2025-08-15 12:56:47.871097,48297091,0.5101172892266104
26718958,2025-08-15 17:37:17.178931,19298873,0.5577265069372883
26718958,2025-08-15 19:04:53.178931,1475962124004503040,0.34741669727929536
26718958,2025-08-15 20:13:35.178931,1127473131522626944,0.3260871686425362
63302835,2025-08-15 21:02:39.526486,51183659,0.43304771560582744
26718958,2025-08-15 21:31:29.178931,647766181725609344,0.3542450402110217
26718958,2025-08-15 23:21:56.178931,680716563822111360,0.3741318256319443
26718958,2025-08-16 02:13:01.178931,40386496,0.301286861619302
52396469,2025-08-16 08:40:22.523010,1286969344300672256,0.3143964955352105
52396469,2025-08-16 09:34:50.523010,41229500,0.2503070585066943
218641470,2025-08-16 11:12:42.533547,36464393,0.25431029410085837
52396469,2025-08-16 11:39:13.523010,18212582,0.23958257729346844
218641470,2025-08-16 13:11:08.533547,1004115488253566208,0.6958883060875631
41537000,2025-08-17 01:05:37.483521,1092876413229206144,0.6152542389552188
44778053,2025-08-17 01:47:10.189295,860633723264551424,0.376226639802249
44778053,2025-08-17 02:40:20.189295,4600764,0.24718496715681235
44778053,2025-08-17 03:10:27.189295,43985115,0.3299046675145301
41537000,2025-08-17 04:12:24.483521,922845403191685376,0.52121665673487
41537000,2025-08-17 04:47:38.483521,816569342670829696,0.4961231830305255
44778053,2025-08-17 05:27:17.189295,1434694123877971712,0.6423748204385547
17187372,2025-08-17 06:15:27.332751,1460302119433376000,0.3155408135345783
44778053,2025-08-17 06:28:43.189295,1093428010056720128,0.3116271650768747
17187372,2025-08-17 06:44:09.332751,32812051,0.285549289797614
44778053,2025-08-17 07:09:44.189295,1450579601549783552,0.3084064166196119
44778053,2025-08-17 07:09:44.189295,35531008,0.3470655020135906
17187372,2025-08-17 10:30:53.332751,34452929,0.6311968885677952
17187372,2025-08-17 11:25:32.332751,1464991377632399104,0.3154374838553709
17187372,2025-08-17 11:51:27.332751,867616014442120448,0.4964686183213643
16178959,2025-08-17 12:36:22.434586,1515920399566010624,0.34693252321450757
661381489,2025-08-17 13:21:09.691383,39173337,0.4824574968704738
16178959,2025-08-17 13:38:13.434586,22613545,0.3459085947715391
661381489,2025-08-17 13:42:44.691383,897551875592271488,0.3219723868178329
17187372,2025-08-17 13:47:42.332751,1452172690409012224,0.3474062759289773
661381489,2025-08-17 13:50:12.691383,6091514,0.4703137869409364
17187372,2025-08-17 14:47:38.332751,1268921791775714304,0.3264887141238313
92437944,2025-08-17 15:10:57.422454,1160906019533249792,0.392807986287978
92437944,2025-08-17 15:51:49.422454,616581680609657088,0.37209947964092555
661381489,2025-08-17 16:58:57.691383,38043621,0.39706522367616254
92437944,2025-08-17 17:14:33.422454,1171508264033691392,0.36362039139668645
34531134,2025-08-17 17:16:34.943174,1169476731314050304,0.28529695970117697
661381489,2025-08-17 17:21:53.691383,737032710831848192,0.5340212584894118
34531134,2025-08-17 17:30:34.943174,1475424280952375296,0.347813882677824
92437944,2025-08-17 18:12:48.422454,16009150,0.5029623277091643
92437944,2025-08-17 18:20:25.422454,1338917701531039488,0.5806673843321459
92437944,2025-08-17 18:30:39.422454,35605428,0.3198439934888047
661381489,2025-08-17 18:37:19.691383,25931519,0.30541135118042684
92437944,2025-08-17 19:27:01.422454,2581453,0.3640363041311248
326946693,2025-08-17 21:28:00.049605,39504720,0.4929545680986984
92437944,2025-08-17 22:23:38.422454,1354898184482717952,0.3127621787530071
495807184,2025-08-17 22:45:44.251897,1508819007834911744,0.4229533227424518
92437944,2025-08-17 23:29:07.422454,1389542,0.2733118188771494
326946693,2025-08-17 23:30:09.049605,1079596781175540096,0.43958911926874095
92437944,2025-08-17 23:42:20.422454,1435978760899560960,0.4304930742739231
92437944,2025-08-17 23:54:27.422454,1315603631228250368,0.7849728615668564
326946693,2025-08-18 00:06:19.049605,1457262339592631040,0.2736055255745539
326946693,2025-08-18 01:53:37.049605,817890959270386304,0.5409642894206935
326946693,2025-08-18 02:17:55.049605,592704042016213120,0.3902118286427044
674913107,2025-08-18 04:03:01.028845,26054244,0.3117132583083716
29987292,2025-08-18 04:43:21.952046,1257230989588586240,0.7164119722807033
674913107,2025-08-18 06:59:09.028845,575682977766102400,0.3705052225132575
674913107,2025-08-18 08:33:11.028845,951387542870153728,0.46043081391407087
29987292,2025-08-18 10:17:51.952046,660055260935431808,0.3588282503420187
29987292,2025-08-18 13:02:10.952046,6850395,0.545999590510588
692948858,2025-08-18 14:08:39.414882,584081365555622784,0.3224864292958609
140614064,2025-08-18 15:03:53.029371,1330582149273461248,0.6342058036056484
140614064,2025-08-18 15:16:33.029371,6704379,0.29463707006481216
140614064,2025-08-18 16:24:39.029371,1418302107815231232,0.45629953168025544
140614064,2025-08-18 18:14:36.029371,22473865,0.3068568469227683
140614064,2025-08-18 19:10:59.029371,603344513365767680,0.3193569279610183
140614064,2025-08-18 20:12:01.029371,51566983,0.34760791755653964
692948858,2025-08-18 20:22:10.414882,18973788,0.39579199417802546
692948858,2025-08-18 20:40:55.414882,18230983,0.507875759559246
140614064,2025-08-18 21:08:52.029371,616568074684666496,0.31410058719828676
692948858,2025-08-18 21:39:48.414882,1468208298877626880,0.32239368265376406
140614064,2025-08-18 23:09:11.029371,1377659337602270976,0.4180039786538906
140614064,2025-08-18 23:12:15.029371,1409550508046250752,0.7289089263934285
692948858,2025-08-18 23:44:24.414882,541950339805227520,0.5164049201896801
692948858,2025-08-19 00:01:10.414882,1445856531885806592,0.4650564100911616
692948858,2025-08-19 00:01:10.414882,4193608,0.5477429274950407
524768366,2025-08-19 02:16:00.834166,1161402788876393216,0.670882967574748
524768366,2025-08-19 03:02:18.834166,51183659,0.43304771560582744
289995173,2025-08-19 03:07:10.406821,38154172,0.23740673389528308
465270162,2025-08-19 03:29:28.639653,1516400599926518528,0.2376385418533336
289995173,2025-08-19 04:35:58.406821,1516066152321948416,0.31207113296090705
524768366,2025-08-19 04:52:37.834166,1259877021625073152,0.484348128961033
289995173,2025-08-19 04:59:45.406821,916661911615220480,0.43324705128786545
465270162,2025-08-19 06:06:06.639653,13698821,0.3056648707010926
27225127,2025-08-19 11:22:46.875053,889163368630879488,0.5651908744295833
27225127,2025-08-19 12:29:56.875053,1065315505459318784,0.3116197111974901
711804074,2025-08-19 12:53:51.647542,1294107216727890432,0.3017865674470941
711804074,2025-08-19 13:44:11.647542,868678062597944704,0.32418756980763475
711804074,2025-08-19 14:19:52.647542,51127816,0.34361743084210244
204006781,2025-08-19 16:47:07.044719,47440531,0.4501157292774227
183073982,2025-08-19 17:51:16.095980,1205817439150872320,0.3395562330017322
183073982,2025-08-19 18:38:05.095980,886041852240554240,0.732283641082945
183073982,2025-08-19 20:22:19.095980,1335715,0.3822149309428917
183073982,2025-08-19 20:36:55.095980,1433835463822689536,0.4204362352488358
183073982,2025-08-19 21:45:31.095980,21208680,0.3222031770470624
204006781,2025-08-19 22:02:17.044719,46944452,0.4110242469811557
183073982,2025-08-19 22:19:26.095980,1218165461985309696,0.5038592587862364
204006781,2025-08-19 23:31:10.044719,1061369495709364608,0.31403055371592264
183073982,2025-08-20 00:10:56.095980,1282486374265822464,0.7317426660102462
204006781,2025-08-20 00:24:51.044719,8026545,0.4948040653566795
36542482,2025-08-20 01:19:16.831442,597733639717913216,0.3588439868032416
36542482,2025-08-20 01:43:40.831442,17005475,0.45741676015781096
204006781,2025-08-20 02:52:53.044719,643175170962853504,0.3464170333815168
204006781,2025-08-20 02:58:25.044719,32103933,0.1878502810426521
36542482,2025-08-20 03:05:38.831442,1304448432492015360,0.5764078470525856
300472281,2025-08-20 04:24:17.073348,5983958,0.3161808952617966
115618831,2025-08-20 11:16:26.591136,883928100298836096,0.416235211048144
706450820,2025-08-20 11:55:28.386873,655527458818583680,0.3148471396967013
115618831,2025-08-20 12:15:19.591136,939170140169902080,0.3763993846995207
706450820,2025-08-20 13:47:17.386873,1327659543957250304,0.35971447598273815
406834431,2025-08-20 14:21:45.158967,53339546,0.3103879658875854
406834431,2025-08-20 15:04:14.158967,1445798239791975680,0.2956980667403281
706450820,2025-08-20 15:23:20.386873,859950935451914880,0.35997751127652805
115618831,2025-08-20 15:48:12.591136,971651111600938112,0.24212636134713197
584470326,2025-08-20 23:45:37.712624,1254211738493741824,0.43564820465740767
584470326,2025-08-20 23:50:02.712624,1518187268745866752,0.32239368265376406
584470326,2025-08-21 01:14:10.712624,1115773116144342784,0.2936665194288701
584470326,2025-08-21 01:57:51.712624,1163558945589934336,0.3115735383213994
584470326,2025-08-21 02:36:21.712624,650494525892446720,0.26786250843824505
584470326,2025-08-21 08:10:36.712624,5689602,0.7988738880716594
558848637,2025-08-21 12:08:28.359285,815081696644134784,0.36386257375911285
558848637,2025-08-21 12:39:58.359285,1445028005360039936,0.3282945194664675
558848637,2025-08-21 12:39:58.359285,16809364,0.8493108737894183
419296403,2025-08-21 12:43:21.610923,49035534,0.27232553401876863
419296403,2025-08-21 13:24:52.610923,1135417478927989248,0.46186917651456805
419296403,2025-08-21 14:06:36.610923,607676142522925824,0.3502305984302445
419296403,2025-08-21 16:01:13.610923,606504608494894080,0.32407714250267305
97435608,2025-08-21 16:24:23.453746,1459173596970208512,0.29238653817232274
97435608,2025-08-21 17:48:42.453746,1348588085152255744,0.3660028695269735
25389772,2025-08-21 23:23:34.220027,35285644,0.5543721932988354
25389772,2025-08-21 23:51:15.220027,642598278653045248,0.33849919651644117
25389772,2025-08-22 02:40:59.220027,825871700767130368,0.3116271650768747
155421124,2025-08-22 04:04:54.055461,16819148,0.287121543600433
25389772,2025-08-22 06:35:05.220027,1487619603413698560,0.35150489808797986
209085261,2025-08-22 09:49:28.329355,628924731143263488,0.2901932354948906
209085261,2025-08-22 10:00:38.329355,835151019439573376,0.23450996597962373
209085261,2025-08-22 10:42:26.329355,1434039659018143488,0.3115717680371663
209085261,2025-08-22 11:48:11.329355,38056612,0.3029312096223848
209085261,2025-08-22 13:55:43.329355,1402141758914791424,0.313666422500789
209085261,2025-08-22 15:05:03.329355,6341571,0.33134244948437636
86809554,2025-08-22 16:56:41.516624,46427913,0.6953170267360906
74553302,2025-08-22 17:41:44.042533,1387818509788892416,0.30351334222948767
86809554,2025-08-22 17:47:26.516624,933986927550220416,0.7967359807705172
389263867,2025-08-22 19:37:51.336888,42310310,0.2098331211353722
389263867,2025-08-22 20:31:09.336888,628888,0.6543632150553093
86809554,2025-08-22 21:56:26.516624,1333537135280427776,0.4012193881260106
389263867,2025-08-22 21:59:31.336888,1130475605575566464,0.32250830024768007
389263867,2025-08-22 23:41:41.336888,1068878024199680128,0.30847543502823005
302361526,2025-08-23 00:56:07.075082,39863230,0.39988549220697467
689681245,2025-08-23 01:43:37.162032,700720165647647104,0.31165080677479695
689681245,2025-08-23 02:27:22.162032,1181053399206387200,0.4016484781576586
302361526,2025-08-23 03:53:09.075082,1354209511071775744,0.3149225477070113
597170284,2025-08-23 04:08:06.450498,51218764,0.38020699312759815
689681245,2025-08-23 04:16:28.162032,928898353333313920,0.18690453368950785
689681245,2025-08-23 05:02:21.162032,13669539,0.6089563935097098
302361526,2025-08-23 06:22:56.075082,771528296897762432,0.40345788593690046
597170284,2025-08-23 07:48:19.450498,1414317556523433216,0.2832291799464951
597170284,2025-08-23 10:08:32.450498,1165062892534408448,0.3271802465751798
597170284,2025-08-23 10:36:19.450498,957716517952423424,0.35035102953120956
597170284,2025-08-23 11:48:53.450498,2275416,0.2972285488230759
261778182,2025-08-24 01:47:46.352483,13834903,0.6727051544083656
261778182,2025-08-24 02:21:33.352483,1169398097846068992,0.6624647143048651
244733704,2025-08-24 02:35:52.134208,1454937,0.48628571337739684
261778182,2025-08-24 03:09:04.352483,1515166358568027392,0.31054787508483783
261778182,2025-08-24 04:04:43.352483,911413648031048704,0.3171686907479518
244733704,2025-08-24 04:18:33.134208,1400668053153156864,0.2744814516986015
261778182,2025-08-24 04:37:45.352483,1174694496261285632,0.4748307122648695
261778182,2025-08-24 05:05:39.352483,900032760429411072,0.5112310066315939
261778182,2025-08-24 05:17:30.352483,39263296,0.2510508420996988
261778182,2025-08-24 05:22:21.352483,852033581445747200,0.2456658828135451
53479632,2025-08-24 06:10:19.493732,1388460895702079744,0.33986819342098473
53479632,2025-08-24 06:28:49.493732,34452929,0.6311968885677952
244733704,2025-08-24 07:30:29.134208,1230888535473277184,0.3474062759289773
54048475,2025-08-24 12:48:08.773076,1082594343740048896,0.5548457643392235
54048475,2025-08-24 13:20:52.773076,1288227999473745920,0.4365553431738032
104429867,2025-08-24 13:39:06.226782,1179606811324656384,0.35726552417019997
54048475,2025-08-24 13:57:41.773076,1440080443394833920,0.36213217989709084
475018546,2025-08-24 14:47:19.968194,749129913842849792,0.32418756980763475
104429867,2025-08-24 14:58:59.226782,25931519,0.30541135118042684
240603585,2025-08-24 15:23:57.715732,37386221,0.37735964528638277
475018546,2025-08-24 15:36:26.968194,16009150,0.5078202031670397
240603585,2025-08-24 15:50:02.715732,737453204440056960,0.5890067916961973
104429867,2025-08-24 15:53:46.226782,972549194735196288,0.6606536984852077
475018546,2025-08-24 16:20:34.968194,888998360166704128,0.534523923261189
104429867,2025-08-24 16:47:51.226782,1389542,0.2733118188771494
240603585,2025-08-24 16:56:50.715732,6181515,0.8476478312752664
475018546,2025-08-24 17:22:55.968194,1458517983923086080,0.4371496281510749
240603585,2025-08-24 19:00:10.715732,13078790,0.1710554275629803
104429867,2025-08-24 19:14:49.226782,1021507994749612800,0.5292231820670898
537795182,2025-08-24 19:59:34.397319,1453606135016967680,0.31483722356159266
240603585,2025-08-24 20:26:13.715732,24781388,0.34656239264252725
475018546,2025-08-24 20:34:03.968194,1036165621014975232,0.3115735383213994
475018546,2025-08-24 21:27:12.968194,26616735,0.33701484028706197
240603585,2025-08-24 21:43:18.715732,20242067,0.23550474447745975
104429867,2025-08-24 21:45:32.226782,1001348725747270016,0.3036331966929487
104429867,2025-08-24 22:00:58.226782,1192547435547141120,0.30194565445581045
240603585,2025-08-24 22:35:56.715732,680716563822111360,0.3748844303347753
537795182,2025-08-24 22:56:56.397319,594154229950590976,0.3772865301043421
475018546,2025-08-24 23:26:45.968194,1350745104189612288,0.3236387242654317
537795182,2025-08-25 00:16:22.397319,16066118,0.59625856213865
61082713,2025-08-25 00:35:13.868801,751166364868782080,0.23206262059876806
466874708,2025-08-25 01:10:15.495967,1164923752199525632,0.4346739259571612
466874708,2025-08-25 01:25:33.495967,638308669299187712,0.3697126415204978
466874708,2025-08-25 01:46:58.495967,44568277,0.19976010189022556
61082713,2025-08-25 02:30:15.868801,763473985963877376,0.33078195026503016
466874708,2025-08-25 02:47:51.495967,859836110975712640,0.4555215523026125
466874708,2025-08-25 03:15:05.495967,929423654288782976,0.3115735383213994
466874708,2025-08-25 03:41:00.495967,52484401,0.39153243069519844
61082713,2025-08-25 04:20:57.868801,1043556847209273088,0.5078683118140124
61082713,2025-08-25 04:29:20.868801,1396148565423718144,0.5263803889555464
405540816,2025-08-25 04:45:57.952821,1075241675394664576,0.312833873286589
405540816,2025-08-25 05:50:33.952821,1350745104189612288,0.3236387242654317
405540816,2025-08-25 06:06:42.952821,26511926,0.6522138413541642
405540816,2025-08-25 06:52:35.952821,527702,0.7013126090882199
466874708,2025-08-25 07:09:01.495967,3092219,0.37458681741750716
180946908,2025-08-25 16:31:52.367878,615761726120406912,0.37513378125020425
180946908,2025-08-25 16:31:52.367878,53999861,0.885447694586603
375313259,2025-08-25 18:42:52.216563,23495332,0.8114558456621989
375313259,2025-08-25 19:55:21.216563,19962579,0.6929622315329869
375313259,2025-08-25 22:10:23.216563,900026073511821440,0.2997215397289432
375313259,2025-08-25 22:47:36.216563,2561943,0.4095329282630134
390928507,2025-08-25 23:05:33.500387,1492865275819136512,0.2727205265685727
390928507,2025-08-25 23:49:14.500387,1010724548153466112,0.42182456053974104
390928507,2025-08-26 00:15:16.500387,584437881515498496,0.3266540531921028
390928507,2025-08-26 00:46:20.500387,53159895,0.4738803844958958
375313259,2025-08-26 00:49:59.216563,670011413310431872,0.5481615640782018
390928507,2025-08-26 01:15:21.500387,613602816637414528,0.5036920569038681
8248399,2025-08-26 02:36:29.290093,1099003409729297152,0.5103643142008558
8248399,2025-08-26 04:21:17.290093,7600107,0.33128368576451606
8248399,2025-08-26 05:48:39.290093,905430836673150720,0.32178654243345284
8248399,2025-08-26 05:56:51.290093,1082594343740048896,0.5548457643392235
88317190,2025-08-26 08:36:43.045893,1466575228787240192,0.4528055262376684
214009531,2025-08-26 09:01:46.452414,38020341,0.4309124089551855
88317190,2025-08-26 10:42:53.045893,38056612,0.3029312096223848
83596532,2025-08-26 11:40:37.591549,5558650,0.5761393154667371
710318177,2025-08-26 12:48:58.782989,1162053722194961664,0.25502272917090724
56762686,2025-08-26 12:50:16.994342,40499292,0.7998149115650555
88317190,2025-08-26 12:57:01.045893,26093247,0.6336855305425731
56762686,2025-08-26 13:12:59.994342,22613545,0.3459085947715391
689936182,2025-08-26 13:13:11.627035,925024421683052928,0.49199036533335866
689936182,2025-08-26 13:36:44.627035,41094641,0.4659399815708437
710318177,2025-08-26 13:37:06.782989,135777,0.3115735383213994
710318177,2025-08-26 14:30:33.782989,32129695,0.31957775862079335
88317190,2025-08-26 14:33:44.045893,1414705846626097408,0.3717050459316297
710318177,2025-08-26 15:26:50.782989,29253635,0.3310061042271015
689936182,2025-08-26 15:42:00.627035,644206572891201792,0.6257871332418543
710318177,2025-08-26 16:07:58.782989,1228372374837850624,0.22843587320572753
689936182,2025-08-26 16:18:12.627035,1406394477778829312,0.2663742829032099
689936182,2025-08-26 17:25:14.627035,19139469,0.27326040273190594
710318177,2025-08-26 17:49:16.782989,37182790,0.8539935730461866
689936182,2025-08-26 18:00:20.627035,51298955,0.32243726781862414
710318177,2025-08-26 18:23:47.782989,866583393105320320,0.4231610394208154
689936182,2025-08-26 18:34:38.627035,941199718817288576,0.4571914021226504
689936182,2025-08-26 19:08:04.627035,1418853792589895936,0.31435450710199775
56762686,2025-08-26 19:26:59.994342,52952895,0.34838273599266095
5101135,2025-08-26 22:10:05.008939,40469742,0.39663469429974607
138610661,2025-08-27 01:01:08.609226,748652844373108096,0.32850923845561014
138610661,2025-08-27 03:45:54.609226,6518188,0.7047645625460843
138610661,2025-08-27 03:58:14.609226,689675034755868928,0.5140907323127909
138610661,2025-08-27 04:40:04.609226,1453714914240876032,0.33617497681226605
561457359,2025-08-27 06:45:27.809550,50772072,0.4267090046956475
561457359,2025-08-27 06:46:04.809550,26823515,0.4746644260890334
138610661,2025-08-27 07:09:47.609226,1468772427106434560,0.4476690154800567
138610661,2025-08-27 07:46:42.609226,981131755772007168,0.3115735383213994
561457359,2025-08-27 08:18:14.809550,19783212,0.4530501803967909
138610661,2025-08-27 08:50:15.609226,647631262315060736,0.35115005658916815
561457359,2025-08-27 09:00:56.809550,668598255766412544,0.4535407956324481
718634013,2025-08-27 09:17:43.788381,1448599490249949696,0.36733695129815497
138610661,2025-08-27 09:47:30.609226,1148430191764905216,0.5690796074585849
138610661,2025-08-27 10:39:39.609226,1242563206371107840,0.3169093014181201
718634013,2025-08-27 10:53:21.788381,1446348886143769344,0.3258410374402868
718634013,2025-08-27 11:20:25.788381,1480559932004673792,0.3247179083263056
138610661,2025-08-27 11:44:35.609226,1199037388719552768,0.41082822994085944
8546707,2025-08-28 08:00:08.622797,9026406,0.23596218845806202
8546707,2025-08-28 08:33:06.622797,674232402947877504,0.6648574960580688
29158089,2025-08-28 12:16:08.630224,1157730884824276224,0.4446248155118974
29158089,2025-08-28 13:16:23.630224,1075967800051530752,0.32895487800251777
29158089,2025-08-28 14:12:18.630224,559944,0.7161465117872176
43716625,2025-08-28 15:42:56.505115,1503041332486929408,0.29822331091342613
29158089,2025-08-28 15:49:39.630224,35472704,0.4228753496201377
206099962,2025-08-28 16:28:23.164317,1471492046385015552,0.31511469469370423
29158089,2025-08-28 16:49:12.630224,34827486,0.38015904772526077
529477335,2025-08-28 17:14:16.053562,817950663043006720,0.4091150573092737
43716625,2025-08-28 17:17:01.505115,1424746476885255424,0.45046069700638297
206099962,2025-08-28 17:24:30.164317,1125333428872796544,0.39365291486610426
43716625,2025-08-28 17:30:49.505115,1231905539434597632,0.311979292241364
89645054,2025-08-28 17:39:47.596398,1232378331056786688,0.5124038008586418
29158089,2025-08-28 18:24:27.630224,43942596,0.46247177241365
529477335,2025-08-28 18:31:50.053562,739552818859238784,0.5421899583959221
173328610,2025-08-28 18:53:06.767938,11704901,0.5446895117671
29158089,2025-08-28 18:53:49.630224,566492033229506944,0.6420723358445264
89645054,2025-08-28 19:28:21.596398,1263328212223385088,0.42741899321273585
529477335,2025-08-28 19:30:18.053562,1342625114981843456,0.520770414063412
29158089,2025-08-28 19:44:23.630224,942112021084388480,0.565760443359524
529477335,2025-08-28 20:15:33.053562,868022807947818240,0.3816586136009712
529477335,2025-08-28 21:22:09.053562,14315501,0.3071998448544845
89645054,2025-08-28 21:32:44.596398,659025194424543488,0.3269487033868306
89645054,2025-08-28 22:05:26.596398,1409248419323571968,0.2572482587211386
89645054,2025-08-28 22:48:09.596398,933196921493835392,0.3245091826857332
89645054,2025-08-29 00:32:31.596398,36589031,0.5120825699014206
89645054,2025-08-29 02:12:14.596398,1421847157200787968,0.5022974032122981
89645054,2025-08-29 02:34:31.596398,36791712,0.3601535061904246
89645054,2025-08-29 02:57:44.596398,944250003166845696,0.3133280457761133
89645054,2025-08-29 03:50:10.596398,876532181861313024,0.5030394628499613
399674622,2025-08-29 08:15:44.767458,15367846,0.3848811577675321
399674622,2025-08-29 09:16:14.767458,1294107216727890432,0.3017865674470941
399674622,2025-08-29 10:01:45.767458,643944177969550848,0.3151801741220621
399674622,2025-08-29 10:35:29.767458,43942596,0.46024819289949653
713818492,2025-08-29 23:29:31.100691,51305224,0.37323971152210045
713818492,2025-08-30 01:08:51.100691,26823515,0.4746644260890334
713818492,2025-08-30 01:47:03.100691,933098649635447552,0.3474062759289773
713818492,2025-08-30 02:38:13.100691,1105533957219750528,0.5689024802792911
6882960,2025-08-30 05:32:23.153638,9054276,0.8747206081993221
6882960,2025-08-30 06:29:08.153638,904450350279950592,0.3222031770470624
6882960,2025-08-30 06:52:33.153638,54309620,0.3360330714641641
6882960,2025-08-30 09:39:52.153638,650769,0.34619786365207167
90260624,2025-08-31 06:30:52.414944,19059584,0.3766082853271836
90260624,2025-08-31 06:48:42.414944,20223600,0.7033962532825447
90260624,2025-08-31 07:36:39.414944,3893242,0.5547271512760504
115297385,2025-08-31 14:32:56.149865,815010114057366528,0.3264887141238313
115297385,2025-08-31 14:41:15.149865,3385004,0.3884587767633403
115297385,2025-08-31 18:05:29.149865,35610090,0.2657882309516215
163332304,2025-08-31 21:52:59.308870,1413893239077829120,0.5845042589305871
163332304,2025-08-31 22:40:00.308870,1026700462788845824,0.3642580999626467
163332304,2025-08-31 23:21:56.308870,1418947141549542912,0.29428811954881906
163332304,2025-08-31 23:31:48.308870,922335407905024768,0.31816962190557596
163332304,2025-09-01 01:35:16.308870,1246432099621868800,0.27345263982963186
163332304,2025-09-01 03:11:12.308870,984052764236211456,0.4332764401325491
163332304,2025-09-01 04:09:04.308870,1110867429492584064,0.25692333086549035
6560608,2025-09-01 20:36:49.160606,16785710,0.4910518090177593
6560608,2025-09-01 21:34:08.160606,632619187077160064,0.30067742345340126
6560608,2025-09-02 00:15:53.160606,1020670485833902336,0.35499423479222836
232773991,2025-09-02 09:22:36.119939,6473693,0.5245610624590161
232773991,2025-09-02 12:07:14.119939,39173337,0.4772928213869471
232773991,2025-09-02 12:19:23.119939,1428406033303045120,0.2878912034903142
232773991,2025-09-02 13:27:52.119939,1206610959315684864,0.6424560745383858
232773991,2025-09-02 15:15:38.119939,771064470890934144,0.5164824787801178
23153330,2025-09-02 17:30:48.736578,5645130,0.28962039826606234
23153330,2025-09-02 17:59:04.736578,990228490079821696,0.3273872900110959
23153330,2025-09-02 19:06:26.736578,26329638,0.3097639885950922
70754899,2025-09-02 19:29:41.453600,32835827,0.17372626740445246
23153330,2025-09-02 19:49:48.736578,1392518379418629888,0.4495603239627472
23153330,2025-09-02 22:22:12.736578,897573176441514368,0.18340086162217337
23153330,2025-09-02 23:15:49.736578,26341858,0.5244833589302041
23153330,2025-09-02 23:39:31.736578,650701812245885312,0.5991349953979214
23153330,2025-09-03 00:33:56.736578,11435583,0.36731168408034875
23153330,2025-09-03 02:23:33.736578,50374438,0.4114864924363563
581841047,2025-09-03 05:45:49.077638,1065315505459318784,0.3116197111974901
68802942,2025-09-03 15:29:52.860441,45448789,0.2812677031569566
68802942,2025-09-03 16:10:42.860441,37962821,0.5900727902762588
90102110,2025-09-03 22:26:37.612294,1446898523776183808,0.3103879658875854
90102110,2025-09-03 22:40:52.612294,25031704,0.4044347811414829
90102110,2025-09-03 23:09:14.612294,954245993756076032,0.2902043963123376
90102110,2025-09-04 00:15:52.612294,1518156359739797504,0.3188570500929672
90102110,2025-09-04 01:41:38.612294,23224152,0.4068421765641398
661279734,2025-09-04 03:01:44.042449,19050957,0.5591038577672488
661279734,2025-09-04 03:34:07.042449,1205131414652886272,0.316542239449136
661279734,2025-09-04 03:58:58.042449,3403166,0.2995870884629269
661279734,2025-09-04 06:04:02.042449,938853155635499520,0.30968806341078625
90102110,2025-09-04 06:49:06.612294,738228200802803456,0.35592721157419455
90102110,2025-09-04 07:14:03.612294,1439859740643057664,0.4099054540993326
90102110,2025-09-04 07:26:46.612294,1504955344655504128,0.33267093871685055
661279734,2025-09-04 08:36:22.042449,895440356771284224,0.23994414615709136
67598628,2025-09-04 20:42:16.566857,50828235,0.3972783458474669
43712258,2025-09-05 05:51:34.649104,1413623725283177728,0.2402797000588067
43712258,2025-09-05 09:46:17.649104,1428197866193081856,0.3180792207364706
37996318,2025-09-05 15:42:46.047350,597733639717913216,0.357735760542105
37996318,2025-09-05 16:37:04.047350,1117450404464495616,0.3589344269578428
37996318,2025-09-05 17:05:32.047350,1146972564997032832,0.745782481505766
37996318,2025-09-05 18:24:19.047350,14778763,0.6572358742686331
37996318,2025-09-05 18:43:33.047350,1042812558168017792,0.5102836373520316
37996318,2025-09-05 18:46:39.047350,13302773,0.2232413998532841
37996318,2025-09-05 19:42:34.047350,42560475,0.8270257264185236
46063129,2025-09-05 22:41:16.688129,53339546,0.3103879658875854
46063129,2025-09-05 23:57:58.688129,971800897982792576,0.6234451822482111
46063129,2025-09-06 03:12:17.688129,21545266,0.4361221598262409
46063129,2025-09-06 05:04:17.688129,875935783504109184,0.3041431598139911
46063129,2025-09-06 06:52:12.688129,631735286197076864,0.3723740217887489
296811285,2025-09-08 17:46:13.875477,54016610,0.7002029882367828
296811285,2025-09-08 19:57:14.875477,941199718817288576,0.45702640273836875
296811285,2025-09-08 20:20:41.875477,52782721,0.36377002777430045
